gid,role,role_score,cluster_id,priority_score,evidence
1,peripheral,0.32,0,0.207564,"Периферия: seed получает наблюдаемый вход, но его внешний входящий поток неполон; терминальность не оценивается."
2,peripheral,0.32,1,0.207564,"Периферия: seed получает наблюдаемый вход, но его внешний входящий поток неполон; терминальность не оценивается."
3,peripheral,0.32,2,0.209966,"Периферия: seed получает наблюдаемый вход, но его внешний входящий поток неполон; терминальность не оценивается."
4,peripheral,0.32,2,0.211434,"Периферия: seed получает наблюдаемый вход, но его внешний входящий поток неполон; терминальность не оценивается."
5,peripheral,0.32,3,0.211612,"Периферия: seed получает наблюдаемый вход, но его внешний входящий поток неполон; терминальность не оценивается."
6,peripheral,0.32,3,0.211701,"Периферия: seed получает наблюдаемый вход, но его внешний входящий поток неполон; терминальность не оценивается."
7,peripheral,0.32,4,0.208453,"Периферия: seed получает наблюдаемый вход, но его внешний входящий поток неполон; терминальность не оценивается."
8,peripheral,0.32,4,0.210233,"Периферия: seed получает наблюдаемый вход, но его внешний входящий поток неполон; терминальность не оценивается."
9,peripheral,0.32,4,0.211567,"Периферия: seed получает наблюдаемый вход, но его внешний входящий поток неполон; терминальность не оценивается."
10,peripheral,0.32,4,0.208542,"Периферия: seed получает наблюдаемый вход, но его внешний входящий поток неполон; терминальность не оценивается."
11,peripheral,0.32,5,0.210455,"Периферия: seed получает наблюдаемый вход, но его внешний входящий поток неполон; терминальность не оценивается."
12,peripheral,0.32,5,0.208009,"Периферия: seed получает наблюдаемый вход, но его внешний входящий поток неполон; терминальность не оценивается."
13,peripheral,0.32,6,0.2105,"Периферия: seed получает наблюдаемый вход, но его внешний входящий поток неполон; терминальность не оценивается."
14,peripheral,0.32,6,0.211656,"Периферия: seed получает наблюдаемый вход, но его внешний входящий поток неполон; терминальность не оценивается."
15,peripheral,0.32,7,0.216149,"Периферия: seed получает наблюдаемый вход, но его внешний входящий поток неполон; терминальность не оценивается."
16,peripheral,0.32,7,0.217795,"Периферия: seed получает наблюдаемый вход, но его внешний входящий поток неполон; терминальность не оценивается."
17,peripheral,0.32,1,0.218551,"Периферия: seed получает наблюдаемый вход, но его внешний входящий поток неполон; терминальность не оценивается."
18,peripheral,0.32,2,0.218774,"Периферия: seed получает наблюдаемый вход, но его внешний входящий поток неполон; терминальность не оценивается."
19,peripheral,0.32,2,0.218863,"Периферия: seed получает наблюдаемый вход, но его внешний входящий поток неполон; терминальность не оценивается."
20,peripheral,0.32,3,0.219085,"Периферия: seed получает наблюдаемый вход, но его внешний входящий поток неполон; терминальность не оценивается."
21,peripheral,0.32,3,0.21913,"Периферия: seed получает наблюдаемый вход, но его внешний входящий поток неполон; терминальность не оценивается."
22,peripheral,0.32,4,0.214548,"Периферия: seed получает наблюдаемый вход, но его внешний входящий поток неполон; терминальность не оценивается."
23,peripheral,0.32,4,0.217128,"Периферия: seed получает наблюдаемый вход, но его внешний входящий поток неполон; терминальность не оценивается."
24,peripheral,0.32,4,0.218507,"Периферия: seed получает наблюдаемый вход, но его внешний входящий поток неполон; терминальность не оценивается."
25,peripheral,0.32,4,0.218996,"Периферия: seed получает наблюдаемый вход, но его внешний входящий поток неполон; терминальность не оценивается."
26,peripheral,0.32,8,0.224512,"Периферия: seed получает наблюдаемый вход, но его внешний входящий поток неполон; терминальность не оценивается."
27,peripheral,0.32,8,0.227181,"Периферия: seed получает наблюдаемый вход, но его внешний входящий поток неполон; терминальность не оценивается."
28,peripheral,0.32,8,0.223311,"Периферия: seed получает наблюдаемый вход, но его внешний входящий поток неполон; терминальность не оценивается."
29,peripheral,0.32,8,0.225847,"Периферия: seed получает наблюдаемый вход, но его внешний входящий поток неполон; терминальность не оценивается."
30,peripheral,0.32,7,0.227671,"Периферия: seed получает наблюдаемый вход, но его внешний входящий поток неполон; терминальность не оценивается."
31,peripheral,0.32,7,0.207875,"Периферия: seed получает наблюдаемый вход, но его внешний входящий поток неполон; терминальность не оценивается."
32,distributor,0.703,7,0.663928,"Признаки распределения: 27 уникальных получателей (порог ≥10), исходящий поток 828,927 KZT."
33,distributor,0.703,1,0.663972,"Признаки распределения: 27 уникальных получателей (порог ≥10), исходящий поток 830,223 KZT."
34,distributor,0.694,2,0.661099,"Признаки распределения: 26 уникальных получателей (порог ≥10), исходящий поток 797,407 KZT."
35,distributor,0.694,2,0.661144,"Признаки распределения: 26 уникальных получателей (порог ≥10), исходящий поток 798,655 KZT."
36,distributor,0.694,3,0.661188,"Признаки распределения: 26 уникальных получателей (порог ≥10), исходящий поток 799,903 KZT."
37,distributor,0.694,3,0.661233,"Признаки распределения: 26 уникальных получателей (порог ≥10), исходящий поток 801,151 KZT."
38,distributor,0.694,4,0.661277,"Признаки распределения: 26 уникальных получателей (порог ≥10), исходящий поток 802,399 KZT."
39,distributor,0.694,4,0.661322,"Признаки распределения: 26 уникальных получателей (порог ≥10), исходящий поток 803,647 KZT."
40,distributor,0.694,4,0.661366,"Признаки распределения: 26 уникальных получателей (порог ≥10), исходящий поток 804,895 KZT."
41,distributor,0.694,4,0.661411,"Признаки распределения: 26 уникальных получателей (порог ≥10), исходящий поток 806,143 KZT."
42,distributor,0.694,5,0.661455,"Признаки распределения: 26 уникальных получателей (порог ≥10), исходящий поток 807,391 KZT."
43,distributor,0.694,5,0.6615,"Признаки распределения: 26 уникальных получателей (порог ≥10), исходящий поток 808,639 KZT."
44,distributor,0.694,6,0.661544,"Признаки распределения: 26 уникальных получателей (порог ≥10), исходящий поток 809,887 KZT."
45,distributor,0.694,6,0.661589,"Признаки распределения: 26 уникальных получателей (порог ≥10), исходящий поток 811,135 KZT."
46,distributor,0.694,7,0.661633,"Признаки распределения: 26 уникальных получателей (порог ≥10), исходящий поток 812,383 KZT."
47,distributor,1.0,29,0.736096,"Признаки распределения: 60 уникальных получателей (порог ≥10), исходящий поток 2,100,990 KZT."
48,peripheral,0.35,58,0.270617,"Периферия: пороги специальных ролей не достигнуты; in=0, out=1, depth=0."
49,peripheral,0.35,59,0.270839,"Периферия: пороги специальных ролей не достигнуты; in=0, out=1, depth=0."
50,peripheral,0.35,59,0.270973,"Периферия: пороги специальных ролей не достигнуты; in=0, out=1, depth=0."
51,peripheral,0.35,58,0.270928,"Периферия: пороги специальных ролей не достигнуты; in=0, out=1, depth=0."
52,peripheral,0.35,59,0.271062,"Периферия: пороги специальных ролей не достигнуты; in=0, out=1, depth=0."
53,peripheral,0.35,62,0.268028,"Периферия: пороги специальных ролей не достигнуты; in=0, out=1, depth=0."
54,peripheral,0.35,63,0.268117,"Периферия: пороги специальных ролей не достигнуты; in=0, out=1, depth=0."
55,peripheral,0.35,62,0.268161,"Периферия: пороги специальных ролей не достигнуты; in=0, out=1, depth=0."
56,peripheral,0.35,63,0.26825,"Периферия: пороги специальных ролей не достигнуты; in=0, out=1, depth=0."
57,peripheral,0.35,66,0.279484,"Периферия: пороги специальных ролей не достигнуты; in=0, out=1, depth=0."
58,peripheral,0.35,67,0.279572,"Периферия: пороги специальных ролей не достигнуты; in=0, out=1, depth=0."
59,peripheral,0.35,66,0.279617,"Периферия: пороги специальных ролей не достигнуты; in=0, out=1, depth=0."
60,peripheral,0.35,67,0.27975,"Периферия: пороги специальных ролей не достигнуты; in=0, out=1, depth=0."
61,peripheral,0.35,69,0.277068,"Периферия: пороги специальных ролей не достигнуты; in=0, out=1, depth=0."
62,peripheral,0.35,69,0.277157,"Периферия: пороги специальных ролей не достигнуты; in=0, out=1, depth=0."
63,peripheral,0.35,69,0.277201,"Периферия: пороги специальных ролей не достигнуты; in=0, out=1, depth=0."
64,peripheral,0.35,72,0.285023,"Периферия: пороги специальных ролей не достигнуты; in=0, out=1, depth=0."
65,peripheral,0.35,73,0.285157,"Периферия: пороги специальных ролей не достигнуты; in=0, out=1, depth=0."
66,peripheral,0.35,72,0.285201,"Периферия: пороги специальных ролей не достигнуты; in=0, out=1, depth=0."
67,peripheral,0.35,75,0.282557,"Периферия: пороги специальных ролей не достигнуты; in=0, out=1, depth=0."
68,peripheral,0.35,75,0.282601,"Периферия: пороги специальных ролей не достигнуты; in=0, out=1, depth=0."
69,peripheral,0.35,75,0.282646,"Периферия: пороги специальных ролей не достигнуты; in=0, out=1, depth=0."
70,peripheral,0.35,77,0.279208,"Периферия: пороги специальных ролей не достигнуты; in=0, out=1, depth=0."
71,peripheral,0.35,77,0.279297,"Периферия: пороги специальных ролей не достигнуты; in=0, out=1, depth=0."
72,peripheral,0.35,80,0.274579,"Периферия: пороги специальных ролей не достигнуты; in=0, out=1, depth=0."
73,peripheral,0.35,80,0.274624,"Периферия: пороги специальных ролей не достигнуты; in=0, out=1, depth=0."
74,peripheral,0.35,82,0.288002,"Периферия: пороги специальных ролей не достигнуты; in=0, out=1, depth=0."
75,peripheral,0.35,82,0.288046,"Периферия: пороги специальных ролей не достигнуты; in=0, out=1, depth=0."
76,peripheral,0.35,84,0.30818,"Периферия: пороги специальных ролей не достигнуты; in=0, out=1, depth=0."
77,peripheral,0.35,84,0.308246,"Периферия: пороги специальных ролей не достигнуты; in=0, out=1, depth=0."
78,peripheral,0.35,85,0.308335,"Периферия: пороги специальных ролей не достигнуты; in=0, out=1, depth=0."
79,peripheral,0.35,86,0.308469,"Периферия: пороги специальных ролей не достигнуты; in=0, out=1, depth=0."
80,peripheral,0.35,87,0.308558,"Периферия: пороги специальных ролей не достигнуты; in=0, out=1, depth=0."
81,peripheral,0.35,88,0.358647,"Периферия: пороги специальных ролей не достигнуты; in=0, out=1, depth=0."
82,distributor,1.0,0,0.738267,"Признаки распределения: 116 уникальных получателей (порог ≥10), исходящий поток 1,160,000 KZT."
83,distributor,1.0,1,0.737555,"Признаки распределения: 60 уникальных получателей (порог ≥10), исходящий поток 600,000 KZT."
84,peripheral,0.35,2,0.275962,"Периферия: пороги специальных ролей не достигнуты; in=2, out=5, depth=1."
85,peripheral,0.35,2,0.27872,"Периферия: пороги специальных ролей не достигнуты; in=2, out=5, depth=1."
86,peripheral,0.35,3,0.280055,"Периферия: пороги специальных ролей не достигнуты; in=2, out=5, depth=1."
87,peripheral,0.35,3,0.280722,"Периферия: пороги специальных ролей не достигнуты; in=2, out=5, depth=1."
88,peripheral,0.35,4,0.404821,"Периферия: пороги специальных ролей не достигнуты; in=2, out=6, depth=1."
89,peripheral,0.35,4,0.40056,"Периферия: пороги специальных ролей не достигнуты; in=2, out=5, depth=1."
90,peripheral,0.35,4,0.403647,"Периферия: пороги специальных ролей не достигнуты; in=2, out=5, depth=1."
91,peripheral,0.35,4,0.40753,"Периферия: пороги специальных ролей не достигнуты; in=2, out=6, depth=1."
92,peripheral,0.35,5,0.403642,"Периферия: пороги специальных ролей не достигнуты; in=2, out=5, depth=1."
93,peripheral,0.35,5,0.40652,"Периферия: пороги специальных ролей не достигнуты; in=2, out=6, depth=1."
94,peripheral,0.35,6,0.403367,"Периферия: пороги специальных ролей не достигнуты; in=2, out=5, depth=1."
95,peripheral,0.35,6,0.40653,"Периферия: пороги специальных ролей не достигнуты; in=2, out=5, depth=1."
96,peripheral,0.35,7,0.407518,"Периферия: пороги специальных ролей не достигнуты; in=2, out=4, depth=1."
97,peripheral,0.35,7,0.412673,"Периферия: пороги специальных ролей не достигнуты; in=2, out=4, depth=1."
98,peripheral,0.35,1,0.417312,"Периферия: пороги специальных ролей не достигнуты; in=2, out=4, depth=1."
99,peripheral,0.35,2,0.417499,"Периферия: пороги специальных ролей не достигнуты; in=2, out=4, depth=1."
100,peripheral,0.35,2,0.417993,"Периферия: пороги специальных ролей не достигнуты; in=2, out=4, depth=1."
101,peripheral,0.35,3,0.418406,"Периферия: пороги специальных ролей не достигнуты; in=2, out=4, depth=1."
102,peripheral,0.35,3,0.422589,"Периферия: пороги специальных ролей не достигнуты; in=2, out=4, depth=1."
103,peripheral,0.35,4,0.422616,"Периферия: пороги специальных ролей не достигнуты; in=2, out=5, depth=1."
104,peripheral,0.35,4,0.41726,"Периферия: пороги специальных ролей не достигнуты; in=2, out=4, depth=1."
105,peripheral,0.35,4,0.420561,"Периферия: пороги специальных ролей не достигнуты; in=2, out=4, depth=1."
106,peripheral,0.35,4,0.421789,"Периферия: пороги специальных ролей не достигнуты; in=2, out=4, depth=1."
107,peripheral,0.35,8,0.422216,"Периферия: пороги специальных ролей не достигнуты; in=2, out=3, depth=1."
108,peripheral,0.35,8,0.430651,"Периферия: пороги специальных ролей не достигнуты; in=2, out=3, depth=1."
109,peripheral,0.35,8,0.432706,"Периферия: пороги специальных ролей не достигнуты; in=2, out=4, depth=1."
110,peripheral,0.35,8,0.428062,"Периферия: пороги специальных ролей не достигнуты; in=2, out=3, depth=1."
111,peripheral,0.35,7,0.431915,"Периферия: пороги специальных ролей не достигнуты; in=2, out=3, depth=1."
112,peripheral,0.35,7,0.403339,"Периферия: пороги специальных ролей не достигнуты; in=2, out=3, depth=1."
113,peripheral,0.35,1,0.408286,"Периферия: пороги специальных ролей не достигнуты; in=2, out=2, depth=1."
114,peripheral,0.35,1,0.40382,"Периферия: пороги специальных ролей не достигнуты; in=2, out=2, depth=1."
115,peripheral,0.35,1,0.418526,"Периферия: пороги специальных ролей не достигнуты; in=2, out=2, depth=1."
116,peripheral,0.35,1,0.40721,"Периферия: пороги специальных ролей не достигнуты; in=2, out=2, depth=1."
117,peripheral,0.35,4,0.420337,"Периферия: пороги специальных ролей не достигнуты; in=2, out=3, depth=1."
118,peripheral,0.35,4,0.399906,"Периферия: пороги специальных ролей не достигнуты; in=2, out=2, depth=1."
119,peripheral,0.35,4,0.415547,"Периферия: пороги специальных ролей не достигнуты; in=2, out=2, depth=1."
120,peripheral,0.35,4,0.405654,"Периферия: пороги специальных ролей не достигнуты; in=2, out=2, depth=1."
121,peripheral,0.35,5,0.419604,"Периферия: пороги специальных ролей не достигнуты; in=2, out=2, depth=1."
122,peripheral,0.35,5,0.40771,"Периферия: пороги специальных ролей не достигнуты; in=2, out=3, depth=1."
123,peripheral,0.35,5,0.410637,"Периферия: пороги специальных ролей не достигнуты; in=2, out=2, depth=1."
124,peripheral,0.35,5,0.404089,"Периферия: пороги специальных ролей не достигнуты; in=2, out=2, depth=1."
125,peripheral,0.35,1,0.423209,"Периферия: пороги специальных ролей не достигнуты; in=2, out=2, depth=1."
126,peripheral,0.35,1,0.411714,"Периферия: пороги специальных ролей не достигнуты; in=2, out=2, depth=1."
127,peripheral,0.35,1,0.424045,"Периферия: пороги специальных ролей не достигнуты; in=2, out=2, depth=1."
128,peripheral,0.35,1,0.411528,"Периферия: пороги специальных ролей не достигнуты; in=2, out=2, depth=1."
129,peripheral,0.35,2,0.424419,"Периферия: пороги специальных ролей не достигнуты; in=2, out=2, depth=1."
130,peripheral,0.35,2,0.416758,"Периферия: пороги специальных ролей не достигнуты; in=2, out=2, depth=1."
131,peripheral,0.35,3,0.429419,"Периферия: пороги специальных ролей не достигнуты; in=2, out=2, depth=1."
132,peripheral,0.35,3,0.41651,"Периферия: пороги специальных ролей не достигнуты; in=2, out=2, depth=1."
133,peripheral,0.35,1,0.429046,"Периферия: пороги специальных ролей не достигнуты; in=2, out=2, depth=1."
134,peripheral,0.35,1,0.416395,"Периферия: пороги специальных ролей не достигнуты; in=2, out=2, depth=1."
135,peripheral,0.35,1,0.429189,"Периферия: пороги специальных ролей не достигнуты; in=2, out=2, depth=1."
136,peripheral,0.35,1,0.416342,"Периферия: пороги специальных ролей не достигнуты; in=2, out=2, depth=1."
137,peripheral,0.35,1,0.429181,"Периферия: пороги специальных ролей не достигнуты; in=2, out=2, depth=1."
138,peripheral,0.35,1,0.41629,"Периферия: пороги специальных ролей не достигнуты; in=2, out=2, depth=1."
139,peripheral,0.35,9,0.429217,"Периферия: пороги специальных ролей не достигнуты; in=2, out=2, depth=1."
140,peripheral,0.35,9,0.416343,"Периферия: пороги специальных ролей не достигнуты; in=2, out=2, depth=1."
141,peripheral,0.35,7,0.429182,"Периферия: пороги специальных ролей не достигнуты; in=2, out=2, depth=1."
142,peripheral,0.35,7,0.415712,"Периферия: пороги специальных ролей не достигнуты; in=2, out=2, depth=1."
143,peripheral,0.35,10,0.428061,"Периферия: пороги специальных ролей не достигнуты; in=2, out=2, depth=1."
144,peripheral,0.35,10,0.415188,"Периферия: пороги специальных ролей не достигнуты; in=2, out=2, depth=1."
145,peripheral,0.35,10,0.427893,"Периферия: пороги специальных ролей не достигнуты; in=2, out=2, depth=1."
146,peripheral,0.35,10,0.415153,"Периферия: пороги специальных ролей не достигнуты; in=2, out=2, depth=1."
147,peripheral,0.35,0,0.427947,"Периферия: пороги специальных ролей не достигнуты; in=2, out=2, depth=1."
148,peripheral,0.35,0,0.415055,"Периферия: пороги специальных ролей не достигнуты; in=2, out=2, depth=1."
149,peripheral,0.35,0,0.427876,"Периферия: пороги специальных ролей не достигнуты; in=2, out=2, depth=1."
150,peripheral,0.35,0,0.415518,"Периферия: пороги специальных ролей не достигнуты; in=2, out=2, depth=1."
151,peripheral,0.35,11,0.435664,"Периферия: пороги специальных ролей не достигнуты; in=2, out=2, depth=1."
152,peripheral,0.35,11,0.422924,"Периферия: пороги специальных ролей не достигнуты; in=2, out=2, depth=1."
153,peripheral,0.35,11,0.435656,"Периферия: пороги специальных ролей не достигнуты; in=2, out=2, depth=1."
154,peripheral,0.35,11,0.422854,"Периферия: пороги специальных ролей не достигнуты; in=2, out=3, depth=1."
155,peripheral,0.35,0,0.425594,"Периферия: пороги специальных ролей не достигнуты; in=2, out=2, depth=1."
156,peripheral,0.35,0,0.417596,"Периферия: пороги специальных ролей не достигнуты; in=2, out=2, depth=1."
157,peripheral,0.35,0,0.432241,"Периферия: пороги специальных ролей не достигнуты; in=2, out=2, depth=1."
158,peripheral,0.35,0,0.420088,"Периферия: пороги специальных ролей не достигнуты; in=2, out=2, depth=1."
159,peripheral,0.35,0,0.433505,"Периферия: пороги специальных ролей не достигнуты; in=2, out=2, depth=1."
160,peripheral,0.35,0,0.420685,"Периферия: пороги специальных ролей не достигнуты; in=2, out=2, depth=1."
161,peripheral,0.35,0,0.433488,"Периферия: пороги специальных ролей не достигнуты; in=2, out=2, depth=1."
162,peripheral,0.35,0,0.420748,"Периферия: пороги специальных ролей не достигнуты; in=2, out=2, depth=1."
163,peripheral,0.35,0,0.433507,"Периферия: пороги специальных ролей не достигнуты; in=2, out=3, depth=1."
164,peripheral,0.35,0,0.411141,"Периферия: пороги специальных ролей не достигнуты; in=2, out=2, depth=1."
165,peripheral,0.35,0,0.427636,"Периферия: пороги специальных ролей не достигнуты; in=2, out=2, depth=1."
166,peripheral,0.35,0,0.417414,"Периферия: пороги специальных ролей не достигнуты; in=2, out=2, depth=1."
167,peripheral,0.35,0,0.431792,"Периферия: пороги специальных ролей не достигнуты; in=2, out=2, depth=1."
168,peripheral,0.35,0,0.419461,"Периферия: пороги специальных ролей не достигнуты; in=2, out=2, depth=1."
169,peripheral,0.35,0,0.432487,"Периферия: пороги специальных ролей не достигнуты; in=2, out=2, depth=1."
170,peripheral,0.35,0,0.419863,"Периферия: пороги специальных ролей не достигнуты; in=2, out=2, depth=1."
171,peripheral,0.35,0,0.432558,"Периферия: пороги специальных ролей не достигнуты; in=2, out=2, depth=1."
172,peripheral,0.35,0,0.425696,"Периферия: пороги специальных ролей не достигнуты; in=2, out=2, depth=1."
173,peripheral,0.35,0,0.437823,"Периферия: пороги специальных ролей не достигнуты; in=2, out=2, depth=1."
174,peripheral,0.35,0,0.42511,"Периферия: пороги специальных ролей не достигнуты; in=2, out=2, depth=1."
175,peripheral,0.35,0,0.437681,"Периферия: пороги специальных ролей не достигнуты; in=2, out=2, depth=1."
176,peripheral,0.35,12,0.424963,"Периферия: пороги специальных ролей не достигнуты; in=2, out=2, depth=1."
177,peripheral,0.35,12,0.437477,"Периферия: пороги специальных ролей не достигнуты; in=2, out=3, depth=1."
178,peripheral,0.35,12,0.415182,"Периферия: пороги специальных ролей не достигнуты; in=2, out=2, depth=1."
179,peripheral,0.35,12,0.434261,"Периферия: пороги специальных ролей не достигнуты; in=2, out=2, depth=1."
180,peripheral,0.35,12,0.424057,"Периферия: пороги специальных ролей не достигнуты; in=2, out=2, depth=1."
181,peripheral,0.35,10,0.438461,"Периферия: пороги специальных ролей не достигнуты; in=2, out=2, depth=1."
182,peripheral,0.35,10,0.42693,"Периферия: пороги специальных ролей не достигнуты; in=2, out=2, depth=1."
183,peripheral,0.35,0,0.443409,"Периферия: пороги специальных ролей не достигнуты; in=2, out=2, depth=1."
184,peripheral,0.35,0,0.43099,"Периферия: пороги специальных ролей не достигнуты; in=2, out=2, depth=1."
185,peripheral,0.35,0,0.443561,"Периферия: пороги специальных ролей не достигнуты; in=2, out=2, depth=1."
186,peripheral,0.35,0,0.431071,"Периферия: пороги специальных ролей не достигнуты; in=2, out=2, depth=1."
187,peripheral,0.35,0,0.442512,"Периферия: пороги специальных ролей не достигнуты; in=2, out=2, depth=1."
188,peripheral,0.35,0,0.429844,"Периферия: пороги специальных ролей не достигнуты; in=2, out=2, depth=1."
189,peripheral,0.35,0,0.441891,"Периферия: пороги специальных ролей не достигнуты; in=2, out=2, depth=1."
190,peripheral,0.35,0,0.429489,"Периферия: пороги специальных ролей не достигнуты; in=2, out=3, depth=1."
191,peripheral,0.35,3,0.431527,"Периферия: пороги специальных ролей не достигнуты; in=2, out=2, depth=1."
192,peripheral,0.35,3,0.423662,"Периферия: пороги специальных ролей не достигнуты; in=2, out=2, depth=1."
193,peripheral,0.35,4,0.439286,"Периферия: пороги специальных ролей не достигнуты; in=2, out=2, depth=1."
194,peripheral,0.35,4,0.427836,"Периферия: пороги специальных ролей не достигнуты; in=2, out=2, depth=1."
195,peripheral,0.35,4,0.440985,"Периферия: пороги специальных ролей не достигнуты; in=2, out=2, depth=1."
196,peripheral,0.35,4,0.428762,"Периферия: пороги специальных ролей не достигнуты; in=2, out=3, depth=1."
197,peripheral,0.35,5,0.431369,"Периферия: пороги специальных ролей не достигнуты; in=2, out=2, depth=1."
198,peripheral,0.35,5,0.426967,"Периферия: пороги специальных ролей не достигнуты; in=2, out=2, depth=1."
199,peripheral,0.35,6,0.443372,"Периферия: пороги специальных ролей не достигнуты; in=2, out=2, depth=1."
200,coordinator,0.717022,6,0.896256,"Гипотеза координации: in=2, out=2; центральность выше 96% узлов компоненты."
201,coordinator,0.753916,7,0.918745,"Гипотеза координации: in=2, out=2; центральность выше 96% узлов компоненты."
202,coordinator,0.717688,7,0.896619,"Гипотеза координации: in=2, out=2; центральность выше 96% узлов компоненты."
203,coordinator,0.751652,13,0.917068,"Гипотеза координации: in=2, out=2; центральность выше 95% узлов компоненты."
204,coordinator,0.71609,13,0.895597,"Гипотеза координации: in=2, out=2; центральность выше 95% узлов компоненты."
205,coordinator,0.751119,13,0.916775,"Гипотеза координации: in=2, out=2; центральность выше 95% узлов компоненты."
206,coordinator,0.715956,13,0.895449,"Гипотеза координации: in=2, out=2; центральность выше 95% узлов компоненты."
207,peripheral,0.35,13,0.447207,"Периферия: пороги специальных ролей не достигнуты; in=2, out=2, depth=1."
208,peripheral,0.35,13,0.43449,"Периферия: пороги специальных ролей не достигнуты; in=2, out=3, depth=1."
209,peripheral,0.35,4,0.43643,"Периферия: пороги специальных ролей не достигнуты; in=2, out=3, depth=1."
210,peripheral,0.35,4,0.420915,"Периферия: пороги специальных ролей не достигнуты; in=2, out=2, depth=1."
211,peripheral,0.35,14,0.439358,"Периферия: пороги специальных ролей не достигнуты; in=2, out=2, depth=1."
212,peripheral,0.35,14,0.429581,"Периферия: пороги специальных ролей не достигнуты; in=2, out=3, depth=1."
213,peripheral,0.35,14,0.434911,"Периферия: пороги специальных ролей не достигнуты; in=2, out=2, depth=1."
214,peripheral,0.35,14,0.427784,"Периферия: пороги специальных ролей не достигнуты; in=2, out=2, depth=1."
215,coordinator,0.753383,14,0.917934,"Гипотеза координации: in=2, out=2; центральность выше 96% узлов компоненты."
216,coordinator,0.720085,14,0.89816,"Гипотеза координации: in=2, out=2; центральность выше 96% узлов компоненты."
217,coordinator,0.754782,15,0.919321,"Гипотеза координации: in=2, out=2; центральность выше 96% узлов компоненты."
218,coordinator,0.732585,15,0.901197,"Гипотеза координации: in=2, out=3; центральность выше 96% узлов компоненты."
219,coordinator,0.725812,2,0.90139,"Гипотеза координации: in=2, out=2; центральность выше 96% узлов компоненты."
220,peripheral,0.35,2,0.430066,"Периферия: пороги специальных ролей не достигнуты; in=2, out=2, depth=1."
221,coordinator,0.748588,9,0.91487,"Гипотеза координации: in=2, out=2; центральность выше 95% узлов компоненты."
222,coordinator,0.714092,9,0.894343,"Гипотеза координации: in=2, out=2; центральность выше 95% узлов компоненты."
223,peripheral,0.35,9,0.447479,"Периферия: пороги специальных ролей не достигнуты; in=2, out=2, depth=1."
224,peripheral,0.35,9,0.43489,"Периферия: пороги специальных ролей не достигнуты; in=2, out=3, depth=1."
225,peripheral,0.35,9,0.437541,"Периферия: пороги специальных ролей не достигнуты; in=2, out=2, depth=1."
226,peripheral,0.35,9,0.433273,"Периферия: пороги специальных ролей не достигнуты; in=2, out=3, depth=1."
227,coordinator,0.729675,16,0.904033,"Гипотеза координации: in=2, out=2; центральность выше 97% узлов компоненты."
228,peripheral,0.35,16,0.435252,"Периферия: пороги специальных ролей не достигнуты; in=2, out=3, depth=1."
229,coordinator,0.734869,6,0.907401,"Гипотеза координации: in=2, out=2; центральность выше 98% узлов компоненты."
230,peripheral,0.35,6,0.434808,"Периферия: пороги специальных ролей не достигнуты; in=2, out=2, depth=1."
231,coordinator,0.761641,7,0.923365,"Гипотеза координации: in=2, out=2; центральность выше 98% узлов компоненты."
232,coordinator,0.72781,7,0.903146,"Гипотеза координации: in=2, out=2; центральность выше 97% узлов компоненты."
233,coordinator,0.762573,17,0.92464,"Гипотеза координации: in=2, out=2; центральность выше 97% узлов компоненты."
234,coordinator,0.729808,17,0.904295,"Гипотеза координации: in=2, out=2; центральность выше 97% узлов компоненты."
235,coordinator,0.771364,17,0.930541,"Гипотеза координации: in=2, out=2; центральность выше 99% узлов компоненты."
236,coordinator,0.7374,17,0.909186,"Гипотеза координации: in=2, out=2; центральность выше 99% узлов компоненты."
237,coordinator,0.783198,17,0.933189,"Гипотеза координации: in=2, out=3; центральность выше 99% узлов компоненты."
238,peripheral,0.35,17,0.431548,"Периферия: пороги специальных ролей не достигнуты; in=2, out=2, depth=1."
239,coordinator,0.755381,15,0.919874,"Гипотеза координации: in=2, out=2; центральность выше 98% узлов компоненты."
240,peripheral,0.35,15,0.439566,"Периферия: пороги специальных ролей не достигнуты; in=2, out=2, depth=1."
241,coordinator,0.765903,15,0.92684,"Гипотеза координации: in=2, out=2; центральность выше 98% узлов компоненты."
242,coordinator,0.733671,15,0.906744,"Гипотеза координации: in=2, out=2; центральность выше 98% узлов компоненты."
243,coordinator,0.775093,18,0.932894,"Гипотеза координации: in=2, out=2; центральность выше 100% узлов компоненты."
244,coordinator,0.755627,18,0.915911,"Гипотеза координации: in=2, out=3; центральность выше 99% узлов компоненты."
245,coordinator,0.749521,11,0.916529,"Гипотеза координации: in=2, out=2; центральность выше 99% узлов компоненты."
246,peripheral,0.35,11,0.44092,"Периферия: пороги специальных ролей не достигнуты; in=2, out=2, depth=1."
247,coordinator,0.774161,11,0.93169,"Гипотеза координации: in=2, out=2; центральность выше 100% узлов компоненты."
248,coordinator,0.741396,11,0.911871,"Гипотеза координации: in=2, out=2; центральность выше 100% узлов компоненты."
249,coordinator,0.776026,2,0.933544,"Гипотеза координации: in=2, out=2; центральность выше 100% узлов компоненты."
250,coordinator,0.743261,2,0.912925,"Гипотеза координации: in=2, out=2; центральность выше 100% узлов компоненты."
251,coordinator,0.788526,3,0.936634,"Гипотеза координации: in=2, out=3; центральность выше 100% узлов компоненты."
252,peripheral,0.35,3,0.433964,"Периферия: пороги специальных ролей не достигнуты; in=2, out=2, depth=1."
253,coordinator,0.762706,19,0.924539,"Гипотеза координации: in=2, out=2; центральность выше 100% узлов компоненты."
254,coordinator,0.747902,19,0.911346,"Гипотеза координации: in=2, out=3; центральность выше 100% узлов компоненты."
255,coordinator,0.747256,5,0.915189,"Гипотеза координации: in=2, out=2; центральность выше 99% узлов компоненты."
256,peripheral,0.35,5,0.438877,"Периферия: пороги специальных ролей не достигнуты; in=2, out=2, depth=1."
257,coordinator,0.770964,5,0.929987,"Гипотеза координации: in=2, out=2; центральность выше 99% узлов компоненты."
258,coordinator,0.739265,5,0.910345,"Гипотеза координации: in=2, out=2; центральность выше 99% узлов компоненты."
259,coordinator,0.772829,6,0.931361,"Гипотеза координации: in=2, out=2; центральность выше 99% узлов компоненты."
260,coordinator,0.741129,6,0.911355,"Гипотеза координации: in=2, out=2; центральность выше 99% узлов компоненты."
261,coordinator,0.771897,7,0.930738,"Гипотеза координации: in=2, out=2; центральность выше 99% узлов компоненты."
262,coordinator,0.739265,7,0.910161,"Гипотеза координации: in=2, out=2; центральность выше 98% узлов компоненты."
263,coordinator,0.769233,20,0.929015,"Гипотеза координации: in=2, out=2; центральность выше 98% узлов компоненты."
264,coordinator,0.738466,20,0.909676,"Гипотеза координации: in=2, out=2; центральность выше 98% узлов компоненты."
265,coordinator,0.775759,20,0.933248,"Гипотеза координации: in=2, out=2; центральность выше 99% узлов компоненты."
266,coordinator,0.74366,20,0.913026,"Гипотеза координации: in=2, out=2; центральность выше 99% узлов компоненты."
267,coordinator,0.78746,21,0.935819,"Гипотеза координации: in=2, out=3; центральность выше 99% узлов компоненты."
268,peripheral,0.35,21,0.432784,"Периферия: пороги специальных ролей не достигнуты; in=2, out=2, depth=1."
269,coordinator,0.761508,21,0.923558,"Гипотеза координации: in=2, out=2; центральность выше 99% узлов компоненты."
270,coordinator,0.745638,21,0.909751,"Гипотеза координации: in=2, out=3; центральность выше 99% узлов компоненты."
271,coordinator,0.744459,21,0.913256,"Гипотеза координации: in=2, out=2; центральность выше 98% узлов компоненты."
272,peripheral,0.35,21,0.437715,"Периферия: пороги специальных ролей не достигнуты; in=2, out=2, depth=1."
273,coordinator,0.766969,8,0.927675,"Гипотеза координации: in=2, out=2; центральность выше 98% узлов компоненты."
274,coordinator,0.735802,8,0.90798,"Гипотеза координации: in=2, out=2; центральность выше 98% узлов компоненты."
275,coordinator,0.768966,22,0.928798,"Гипотеза координации: in=2, out=2; центральность выше 98% узлов компоненты."
276,coordinator,0.738199,22,0.909327,"Гипотеза координации: in=2, out=2; центральность выше 98% узлов компоненты."
277,coordinator,0.767635,22,0.92795,"Гипотеза координации: in=2, out=2; центральность выше 98% узлов компоненты."
278,coordinator,0.735535,22,0.907666,"Гипотеза координации: in=2, out=2; центральность выше 97% узлов компоненты."
279,coordinator,0.765903,2,0.926833,"Гипотеза координации: in=2, out=2; центральность выше 97% узлов компоненты."
280,coordinator,0.734869,2,0.907225,"Гипотеза координации: in=2, out=2; центральность выше 97% узлов компоненты."
281,coordinator,0.765903,3,0.926798,"Гипотеза координации: in=2, out=2; центральность выше 97% узлов компоненты."
282,coordinator,0.734337,3,0.906861,"Гипотеза координации: in=2, out=2; центральность выше 97% узлов компоненты."
283,coordinator,0.765237,4,0.926383,"Гипотеза координации: in=2, out=2; центральность выше 97% узлов компоненты."
284,coordinator,0.73407,4,0.906635,"Гипотеза координации: in=2, out=2; центральность выше 97% узлов компоненты."
285,coordinator,0.764305,23,0.925751,"Гипотеза координации: in=2, out=2; центральность выше 97% узлов компоненты."
286,coordinator,0.733404,23,0.906203,"Гипотеза координации: in=2, out=2; центральность выше 97% узлов компоненты."
287,coordinator,0.776538,5,0.92865,"Гипотеза координации: in=2, out=3; центральность выше 96% узлов компоненты."
288,peripheral,0.35,5,0.42798,"Периферия: пороги специальных ролей не достигнуты; in=2, out=2, depth=1."
289,coordinator,0.753516,6,0.918082,"Гипотеза координации: in=2, out=2; центральность выше 96% узлов компоненты."
290,coordinator,0.723948,6,0.90045,"Гипотеза координации: in=2, out=2; центральность выше 96% узлов компоненты."
291,coordinator,0.761241,7,0.923759,"Гипотеза координации: in=2, out=2; центральность выше 96% узлов компоненты."
292,coordinator,0.734736,7,0.907112,"Гипотеза координации: in=2, out=2; центральность выше 97% узлов компоненты."
293,coordinator,0.765703,8,0.926673,"Гипотеза координации: in=2, out=2; центральность выше 97% узлов компоненты."
294,coordinator,0.73447,8,0.906886,"Гипотеза координации: in=2, out=2; центральность выше 97% узлов компоненты."
295,coordinator,0.764971,8,0.926175,"Гипотеза координации: in=2, out=2; центральность выше 97% узлов компоненты."
296,coordinator,0.745771,8,0.909232,"Гипотеза координации: in=2, out=3; центральность выше 97% узлов компоненты."
297,coordinator,0.739265,14,0.909661,"Гипотеза координации: in=2, out=2; центральность выше 96% узлов компоненты."
298,peripheral,0.35,14,0.435285,"Периферия: пороги специальных ролей не достигнуты; in=2, out=3, depth=1."
299,coordinator,0.733671,14,0.906165,"Гипотеза координации: in=2, out=2; центральность выше 96% узлов компоненты."
300,peripheral,0.35,14,0.433783,"Периферия: пороги специальных ролей не достигнуты; in=2, out=2, depth=1."
301,coordinator,0.75618,14,0.920583,"Гипотеза координации: in=2, out=2; центральность выше 96% узлов компоненты."
302,coordinator,0.726478,14,0.901762,"Гипотеза координации: in=2, out=2; центральность выше 96% узлов компоненты."
303,coordinator,0.757912,24,0.921525,"Гипотеза координации: in=2, out=2; центральность выше 95% узлов компоненты."
304,coordinator,0.727144,24,0.902037,"Гипотеза координации: in=2, out=2; центральность выше 95% узлов компоненты."
305,peripheral,0.35,24,0.450211,"Периферия: пороги специальных ролей не достигнуты; in=2, out=2, depth=1."
306,peripheral,0.35,24,0.438539,"Периферия: пороги специальных ролей не достигнуты; in=2, out=2, depth=1."
307,peripheral,0.35,24,0.449402,"Периферия: пороги специальных ролей не достигнуты; in=2, out=2, depth=1."
308,peripheral,0.35,24,0.437161,"Периферия: пороги специальных ролей не достигнуты; in=2, out=2, depth=1."
309,peripheral,0.35,2,0.448718,"Периферия: пороги специальных ролей не достигнуты; in=2, out=2, depth=1."
310,peripheral,0.35,2,0.436761,"Периферия: пороги специальных ролей не достигнуты; in=2, out=2, depth=1."
311,peripheral,0.35,3,0.448425,"Периферия: пороги специальных ролей не достигнуты; in=2, out=2, depth=1."
312,peripheral,0.35,3,0.436602,"Периферия: пороги специальных ролей не достигнуты; in=2, out=2, depth=1."
313,peripheral,0.35,9,0.448284,"Периферия: пороги специальных ролей не достигнуты; in=2, out=2, depth=1."
314,peripheral,0.35,9,0.436656,"Периферия: пороги специальных ролей не достигнуты; in=2, out=2, depth=1."
315,peripheral,0.35,9,0.448275,"Периферия: пороги специальных ролей не достигнуты; in=2, out=2, depth=1."
316,peripheral,0.35,9,0.436523,"Периферия: пороги специальных ролей не достигнуты; in=2, out=2, depth=1."
317,peripheral,0.35,5,0.447814,"Периферия: пороги специальных ролей не достигнуты; in=2, out=2, depth=1."
318,peripheral,0.35,5,0.436044,"Периферия: пороги специальных ролей не достигнуты; in=2, out=2, depth=1."
319,peripheral,0.35,6,0.447202,"Периферия: пороги специальных ролей не достигнуты; in=2, out=2, depth=1."
320,peripheral,0.35,6,0.435326,"Периферия: пороги специальных ролей не достигнуты; in=2, out=2, depth=1."
321,peripheral,0.35,7,0.446864,"Периферия: пороги специальных ролей не достигнуты; in=2, out=2, depth=1."
322,peripheral,0.35,7,0.437172,"Периферия: пороги специальных ролей не достигнуты; in=2, out=2, depth=1."
323,peripheral,0.35,9,0.448107,"Периферия: пороги специальных ролей не достигнуты; in=2, out=3, depth=1."
324,peripheral,0.35,9,0.421978,"Периферия: пороги специальных ролей не достигнуты; in=2, out=2, depth=1."
325,peripheral,0.35,25,0.442459,"Периферия: пороги специальных ролей не достигнуты; in=2, out=2, depth=1."
326,peripheral,0.35,25,0.432264,"Периферия: пороги специальных ролей не достигнуты; in=2, out=2, depth=1."
327,peripheral,0.35,25,0.445388,"Периферия: пороги специальных ролей не достигнуты; in=2, out=2, depth=1."
328,peripheral,0.35,25,0.433965,"Периферия: пороги специальных ролей не достигнуты; in=2, out=2, depth=1."
329,peripheral,0.35,4,0.445728,"Периферия: пороги специальных ролей не достигнуты; in=2, out=2, depth=1."
330,peripheral,0.35,4,0.434109,"Периферия: пороги специальных ролей не достигнуты; in=2, out=3, depth=1."
331,peripheral,0.35,26,0.43596,"Периферия: пороги специальных ролей не достигнуты; in=2, out=2, depth=1."
332,peripheral,0.35,26,0.428869,"Периферия: пороги специальных ролей не достигнуты; in=2, out=2, depth=1."
333,peripheral,0.35,26,0.443887,"Периферия: пороги специальных ролей не достигнуты; in=2, out=2, depth=1."
334,peripheral,0.35,26,0.432696,"Периферия: пороги специальных ролей не достигнуты; in=2, out=3, depth=1."
335,peripheral,0.35,7,0.435241,"Периферия: пороги специальных ролей не достигнуты; in=2, out=2, depth=1."
336,peripheral,0.35,7,0.428373,"Периферия: пороги специальных ролей не достигнуты; in=2, out=2, depth=1."
337,peripheral,0.35,7,0.442879,"Периферия: пороги специальных ролей не достигнуты; in=2, out=2, depth=1."
338,peripheral,0.35,7,0.431496,"Периферия: пороги специальных ролей не достигнуты; in=2, out=2, depth=1."
339,peripheral,0.35,2,0.443934,"Периферия: пороги специальных ролей не достигнуты; in=2, out=2, depth=1."
340,peripheral,0.35,2,0.432573,"Периферия: пороги специальных ролей не достигнуты; in=2, out=2, depth=1."
341,peripheral,0.35,3,0.443943,"Периферия: пороги специальных ролей не достигнуты; in=2, out=2, depth=1."
342,peripheral,0.35,3,0.432627,"Периферия: пороги специальных ролей не достигнуты; in=2, out=2, depth=1."
343,peripheral,0.35,23,0.443908,"Периферия: пороги специальных ролей не достигнуты; in=2, out=2, depth=1."
344,peripheral,0.35,23,0.432423,"Периферия: пороги специальных ролей не достигнуты; in=2, out=2, depth=1."
345,peripheral,0.35,23,0.443189,"Периферия: пороги специальных ролей не достигнуты; in=2, out=2, depth=1."
346,peripheral,0.35,23,0.431855,"Периферия: пороги специальных ролей не достигнуты; in=2, out=2, depth=1."
347,peripheral,0.35,23,0.443003,"Периферия: пороги специальных ролей не достигнуты; in=2, out=2, depth=1."
348,peripheral,0.35,23,0.431909,"Периферия: пороги специальных ролей не достигнуты; in=2, out=2, depth=1."
349,peripheral,0.35,27,0.442923,"Периферия: пороги специальных ролей не достигнуты; in=2, out=2, depth=1."
350,peripheral,0.35,27,0.431811,"Периферия: пороги специальных ролей не достигнуты; in=2, out=2, depth=1."
351,peripheral,0.35,27,0.442311,"Периферия: пороги специальных ролей не достигнуты; in=2, out=2, depth=1."
352,peripheral,0.35,27,0.430479,"Периферия: пороги специальных ролей не достигнуты; in=2, out=2, depth=1."
353,peripheral,0.35,27,0.440783,"Периферия: пороги специальных ролей не достигнуты; in=2, out=2, depth=1."
354,peripheral,0.35,27,0.429102,"Периферия: пороги специальных ролей не достигнуты; in=2, out=2, depth=1."
355,peripheral,0.35,21,0.442639,"Периферия: пороги специальных ролей не достигнуты; in=2, out=2, depth=1."
356,peripheral,0.35,21,0.431136,"Периферия: пороги специальных ролей не достигнуты; in=2, out=2, depth=1."
357,peripheral,0.35,17,0.441769,"Периферия: пороги специальных ролей не достигнуты; in=2, out=2, depth=1."
358,peripheral,0.35,17,0.430355,"Периферия: пороги специальных ролей не достигнуты; in=2, out=3, depth=1."
359,peripheral,0.35,4,0.431229,"Периферия: пороги специальных ролей не достигнуты; in=2, out=2, depth=1."
360,peripheral,0.35,4,0.423534,"Периферия: пороги специальных ролей не достигнуты; in=2, out=2, depth=1."
361,peripheral,0.35,16,0.437913,"Периферия: пороги специальных ролей не достигнуты; in=2, out=2, depth=1."
362,peripheral,0.35,16,0.426855,"Периферия: пороги специальных ролей не достигнуты; in=2, out=2, depth=1."
363,peripheral,0.35,16,0.440943,"Периферия: пороги специальных ролей не достигнуты; in=2, out=2, depth=1."
364,peripheral,0.35,16,0.429219,"Периферия: пороги специальных ролей не достигнуты; in=2, out=2, depth=1."
365,peripheral,0.35,16,0.439852,"Периферия: пороги специальных ролей не достигнуты; in=2, out=2, depth=1."
366,peripheral,0.35,16,0.428296,"Периферия: пороги специальных ролей не достигнуты; in=2, out=3, depth=1."
367,peripheral,0.35,16,0.42885,"Периферия: пороги специальных ролей не достигнуты; in=2, out=2, depth=1."
368,peripheral,0.35,16,0.421146,"Периферия: пороги специальных ролей не достигнуты; in=2, out=2, depth=1."
369,peripheral,0.35,2,0.436154,"Периферия: пороги специальных ролей не достигнуты; in=2, out=3, depth=1."
370,peripheral,0.35,2,0.413393,"Периферия: пороги специальных ролей не достигнуты; in=2, out=2, depth=1."
371,peripheral,0.35,3,0.437722,"Периферия: пороги специальных ролей не достигнуты; in=2, out=2, depth=1."
372,peripheral,0.35,3,0.427029,"Периферия: пороги специальных ролей не достигнуты; in=2, out=2, depth=1."
373,peripheral,0.35,15,0.439797,"Периферия: пороги специальных ролей не достигнуты; in=2, out=2, depth=1."
374,peripheral,0.35,15,0.428588,"Периферия: пороги специальных ролей не достигнуты; in=2, out=2, depth=1."
375,peripheral,0.35,15,0.439274,"Периферия: пороги специальных ролей не достигнуты; in=2, out=3, depth=1."
376,peripheral,0.35,15,0.413484,"Периферия: пороги специальных ролей не достигнуты; in=2, out=2, depth=1."
377,peripheral,0.35,5,0.43465,"Периферия: пороги специальных ролей не достигнуты; in=2, out=3, depth=1."
378,peripheral,0.35,5,0.410711,"Периферия: пороги специальных ролей не достигнуты; in=2, out=2, depth=1."
379,peripheral,0.35,6,0.433256,"Периферия: пороги специальных ролей не достигнуты; in=2, out=2, depth=1."
380,peripheral,0.35,6,0.422892,"Периферия: пороги специальных ролей не достигнуты; in=2, out=3, depth=1."
381,peripheral,0.35,7,0.426604,"Периферия: пороги специальных ролей не достигнуты; in=2, out=2, depth=1."
382,peripheral,0.35,7,0.419051,"Периферия: пороги специальных ролей не достигнуты; in=2, out=2, depth=1."
383,peripheral,0.35,27,0.433873,"Периферия: пороги специальных ролей не достигнуты; in=2, out=2, depth=1."
384,peripheral,0.35,27,0.423037,"Периферия: пороги специальных ролей не достигнуты; in=2, out=2, depth=1."
385,peripheral,0.35,27,0.434559,"Периферия: пороги специальных ролей не достигнуты; in=2, out=2, depth=1."
386,peripheral,0.35,27,0.423776,"Периферия: пороги специальных ролей не достигнуты; in=2, out=2, depth=1."
387,peripheral,0.35,27,0.435448,"Периферия: пороги специальных ролей не достигнуты; in=2, out=3, depth=1."
388,peripheral,0.35,4,0.410137,"Периферия: пороги специальных ролей не достигнуты; in=2, out=2, depth=1."
389,peripheral,0.35,4,0.431374,"Периферия: пороги специальных ролей не достигнуты; in=2, out=2, depth=1."
390,peripheral,0.35,4,0.421446,"Периферия: пороги специальных ролей не достигнуты; in=2, out=2, depth=1."
391,peripheral,0.35,15,0.434151,"Периферия: пороги специальных ролей не достигнуты; in=2, out=2, depth=1."
392,peripheral,0.35,15,0.423546,"Периферия: пороги специальных ролей не достигнуты; in=2, out=2, depth=1."
393,peripheral,0.35,28,0.434516,"Периферия: пороги специальных ролей не достигнуты; in=2, out=2, depth=1."
394,peripheral,0.35,28,0.423955,"Периферия: пороги специальных ролей не достигнуты; in=2, out=2, depth=1."
395,peripheral,0.35,8,0.434481,"Периферия: пороги специальных ролей не достигнуты; in=2, out=2, depth=1."
396,peripheral,0.35,8,0.423565,"Периферия: пороги специальных ролей не достигнуты; in=2, out=3, depth=1."
397,peripheral,0.35,10,0.425416,"Периферия: пороги специальных ролей не достигнуты; in=2, out=2, depth=1."
398,peripheral,0.35,10,0.417747,"Периферия: пороги специальных ролей не достигнуты; in=2, out=2, depth=1."
399,peripheral,0.35,10,0.432098,"Периферия: пороги специальных ролей не достигнуты; in=2, out=2, depth=1."
400,peripheral,0.35,10,0.421671,"Периферия: пороги специальных ролей не достигнуты; in=2, out=2, depth=1."
401,peripheral,0.35,3,0.433042,"Периферия: пороги специальных ролей не достигнуты; in=2, out=2, depth=1."
402,peripheral,0.35,3,0.42217,"Периферия: пороги специальных ролей не достигнуты; in=2, out=2, depth=1."
403,peripheral,0.35,4,0.433051,"Периферия: пороги специальных ролей не достигнуты; in=2, out=2, depth=1."
404,peripheral,0.35,4,0.42258,"Периферия: пороги специальных ролей не достигнуты; in=2, out=2, depth=1."
405,peripheral,0.35,4,0.432927,"Периферия: пороги специальных ролей не достигнуты; in=2, out=3, depth=1."
406,peripheral,0.35,4,0.407412,"Периферия: пороги специальных ролей не достигнуты; in=2, out=2, depth=1."
407,peripheral,0.35,5,0.428587,"Периферия: пороги специальных ролей не достигнуты; in=2, out=2, depth=1."
408,peripheral,0.35,5,0.418713,"Периферия: пороги специальных ролей не достигнуты; in=2, out=2, depth=1."
409,peripheral,0.35,6,0.430529,"Периферия: пороги специальных ролей не достигнуты; in=2, out=3, depth=1."
410,peripheral,0.35,6,0.404872,"Периферия: пороги специальных ролей не достигнуты; in=2, out=2, depth=1."
411,peripheral,0.35,7,0.426678,"Периферия: пороги специальных ролей не достигнуты; in=2, out=3, depth=1."
412,peripheral,0.35,7,0.403173,"Периферия: пороги специальных ролей не достигнуты; in=2, out=2, depth=1."
413,peripheral,0.35,18,0.425576,"Периферия: пороги специальных ролей не достигнуты; in=2, out=2, depth=1."
414,peripheral,0.35,18,0.416127,"Периферия: пороги специальных ролей не достигнуты; in=2, out=2, depth=1."
415,peripheral,0.35,18,0.428921,"Периферия: пороги специальных ролей не достигнуты; in=2, out=2, depth=1."
416,peripheral,0.35,18,0.418183,"Периферия: пороги специальных ролей не достигнуты; in=2, out=2, depth=1."
417,peripheral,0.35,4,0.429242,"Периферия: пороги специальных ролей не достигнуты; in=2, out=2, depth=1."
418,peripheral,0.35,4,0.418904,"Периферия: пороги специальных ролей не достигнуты; in=2, out=2, depth=1."
419,peripheral,0.35,4,0.429207,"Периферия: пороги специальных ролей не достигнуты; in=2, out=2, depth=1."
420,peripheral,0.35,4,0.418532,"Периферия: пороги специальных ролей не достигнуты; in=2, out=2, depth=1."
421,peripheral,0.35,25,0.42879,"Периферия: пороги специальных ролей не достигнуты; in=2, out=2, depth=1."
422,peripheral,0.35,25,0.41863,"Периферия: пороги специальных ролей не достигнуты; in=2, out=2, depth=1."
423,peripheral,0.35,25,0.428666,"Периферия: пороги специальных ролей не достигнуты; in=2, out=2, depth=1."
424,peripheral,0.35,25,0.418728,"Периферия: пороги специальных ролей не достигнуты; in=2, out=2, depth=1."
425,peripheral,0.35,25,0.42863,"Периферия: пороги специальных ролей не достигнуты; in=2, out=2, depth=1."
426,peripheral,0.35,25,0.418737,"Периферия: пороги специальных ролей не достигнуты; in=2, out=3, depth=1."
427,peripheral,0.35,25,0.420615,"Периферия: пороги специальных ролей не достигнуты; in=2, out=2, depth=1."
428,peripheral,0.35,25,0.412546,"Периферия: пороги специальных ролей не достигнуты; in=2, out=2, depth=1."
429,peripheral,0.35,2,0.426763,"Периферия: пороги специальных ролей не достигнуты; in=2, out=2, depth=1."
430,peripheral,0.35,2,0.416763,"Периферия: пороги специальных ролей не достигнуты; in=2, out=2, depth=1."
431,peripheral,0.35,3,0.427457,"Периферия: пороги специальных ролей не достигнуты; in=2, out=3, depth=1."
432,peripheral,0.35,3,0.402618,"Периферия: пороги специальных ролей не достигнуты; in=2, out=2, depth=1."
433,peripheral,0.35,14,0.424264,"Периферия: пороги специальных ролей не достигнуты; in=2, out=3, depth=1."
434,peripheral,0.35,14,0.401026,"Периферия: пороги специальных ролей не достигнуты; in=2, out=3, depth=1."
435,peripheral,0.35,4,0.415421,"Периферия: пороги специальных ролей не достигнуты; in=2, out=2, depth=1."
436,peripheral,0.35,4,0.409852,"Периферия: пороги специальных ролей не достигнуты; in=2, out=2, depth=1."
437,peripheral,0.35,5,0.425138,"Периферия: пороги специальных ролей не достигнуты; in=2, out=2, depth=1."
438,peripheral,0.35,5,0.415378,"Периферия: пороги специальных ролей не достигнуты; in=2, out=2, depth=1."
439,peripheral,0.35,6,0.426259,"Периферия: пороги специальных ролей не достигнуты; in=2, out=3, depth=1."
440,peripheral,0.35,6,0.401553,"Периферия: пороги специальных ролей не достигнуты; in=2, out=2, depth=1."
441,peripheral,0.35,7,0.423199,"Периферия: пороги специальных ролей не достигнуты; in=2, out=2, depth=1."
442,peripheral,0.35,7,0.413618,"Периферия: пороги специальных ролей не достигнуты; in=2, out=2, depth=1."
443,peripheral,0.35,19,0.425344,"Периферия: пороги специальных ролей не достигнуты; in=2, out=2, depth=1."
444,peripheral,0.35,19,0.415273,"Периферия: пороги специальных ролей не достигнуты; in=2, out=2, depth=1."
445,peripheral,0.35,19,0.425709,"Периферия: пороги специальных ролей не достигнуты; in=2, out=2, depth=1."
446,peripheral,0.35,19,0.415816,"Периферия: пороги специальных ролей не достигнуты; in=2, out=2, depth=1."
447,peripheral,0.35,19,0.425585,"Периферия: пороги специальных ролей не достигнуты; in=2, out=3, depth=1."
448,peripheral,0.35,19,0.400745,"Периферия: пороги специальных ролей не достигнуты; in=2, out=3, depth=1."
449,peripheral,0.35,4,0.413984,"Периферия: пороги специальных ролей не достигнуты; in=2, out=3, depth=1."
450,peripheral,0.35,4,0.396929,"Периферия: пороги специальных ролей не достигнуты; in=2, out=3, depth=1."
451,peripheral,0.35,4,0.412792,"Периферия: пороги специальных ролей не достигнуты; in=2, out=2, depth=1."
452,peripheral,0.35,4,0.407881,"Периферия: пороги специальных ролей не достигнуты; in=2, out=2, depth=1."
453,peripheral,0.35,18,0.423745,"Периферия: пороги специальных ролей не достигнуты; in=2, out=3, depth=1."
454,peripheral,0.35,6,0.399252,"Периферия: пороги специальных ролей не достигнуты; in=2, out=2, depth=1."
455,peripheral,0.35,6,0.421477,"Периферия: пороги специальных ролей не достигнуты; in=2, out=2, depth=1."
456,peripheral,0.35,6,0.412296,"Периферия: пороги специальных ролей не достигнуты; in=2, out=2, depth=1."
457,peripheral,0.35,26,0.423844,"Периферия: пороги специальных ролей не достигнуты; in=2, out=3, depth=1."
458,peripheral,0.35,26,0.399182,"Периферия: пороги специальных ролей не достигнуты; in=2, out=2, depth=1."
459,peripheral,0.35,2,0.420784,"Периферия: пороги специальных ролей не достигнуты; in=2, out=2, depth=1."
460,peripheral,0.35,2,0.411647,"Периферия: пороги специальных ролей не достигнуты; in=2, out=2, depth=1."
461,peripheral,0.35,3,0.423507,"Периферия: пороги специальных ролей не достигнуты; in=2, out=2, depth=1."
462,peripheral,0.35,3,0.413969,"Периферия: пороги специальных ролей не достигнуты; in=2, out=2, depth=1."
463,peripheral,0.35,4,0.423605,"Периферия: пороги специальных ролей не достигнуты; in=2, out=2, depth=1."
464,peripheral,0.35,4,0.414646,"Периферия: пороги специальных ролей не достигнуты; in=2, out=2, depth=1."
465,peripheral,0.35,4,0.42357,"Периферия: пороги специальных ролей не достигнуты; in=2, out=2, depth=1."
466,peripheral,0.35,4,0.414744,"Периферия: пороги специальных ролей не достигнуты; in=2, out=2, depth=1."
467,peripheral,0.35,5,0.423446,"Периферия: пороги специальных ролей не достигнуты; in=2, out=2, depth=1."
468,peripheral,0.35,5,0.414932,"Периферия: пороги специальных ролей не достигнуты; in=2, out=2, depth=1."
469,peripheral,0.35,6,0.42341,"Периферия: пороги специальных ролей не достигнуты; in=2, out=2, depth=1."
470,peripheral,0.35,6,0.41503,"Периферия: пороги специальных ролей не достигнуты; in=2, out=2, depth=1."
471,peripheral,0.35,7,0.423286,"Периферия: пороги специальных ролей не достигнуты; in=2, out=2, depth=1."
472,peripheral,0.35,7,0.41249,"Периферия: пороги специальных ролей не достигнуты; in=2, out=2, depth=1."
473,terminal,0.950773,1,0.63818,"Гипотеза терминального поведения: depth=1, in=2, out=0, удержание наблюдаемого входа 100%; узел не на границе depth=4."
474,peripheral,0.35,30,0.309211,"Периферия: пороги специальных ролей не достигнуты; in=1, out=2, depth=1."
475,peripheral,0.35,30,0.426661,"Периферия: пороги специальных ролей не достигнуты; in=2, out=2, depth=1."
476,peripheral,0.35,30,0.421425,"Периферия: пороги специальных ролей не достигнуты; in=2, out=2, depth=1."
477,peripheral,0.35,31,0.429001,"Периферия: пороги специальных ролей не достигнуты; in=2, out=2, depth=1."
478,peripheral,0.35,31,0.422253,"Периферия: пороги специальных ролей не достигнуты; in=2, out=2, depth=1."
479,peripheral,0.35,32,0.431208,"Периферия: пороги специальных ролей не достигнуты; in=2, out=2, depth=1."
480,peripheral,0.35,32,0.425156,"Периферия: пороги специальных ролей не достигнуты; in=2, out=2, depth=1."
481,peripheral,0.35,32,0.434733,"Периферия: пороги специальных ролей не достигнуты; in=2, out=2, depth=1."
482,peripheral,0.35,32,0.427985,"Периферия: пороги специальных ролей не достигнуты; in=2, out=2, depth=1."
483,peripheral,0.35,33,0.437741,"Периферия: пороги специальных ролей не достигнуты; in=2, out=2, depth=1."
484,peripheral,0.35,33,0.431733,"Периферия: пороги специальных ролей не достигнуты; in=2, out=2, depth=1."
485,peripheral,0.35,33,0.441489,"Периферия: пороги специальных ролей не достигнуты; in=2, out=2, depth=1."
486,peripheral,0.35,33,0.434919,"Периферия: пороги специальных ролей не достигнуты; in=2, out=2, depth=1."
487,peripheral,0.35,34,0.445237,"Периферия: пороги специальных ролей не достигнуты; in=2, out=2, depth=1."
488,peripheral,0.35,34,0.438667,"Периферия: пороги специальных ролей не достигнуты; in=2, out=2, depth=1."
489,peripheral,0.35,34,0.448289,"Периферия: пороги специальных ролей не достигнуты; in=2, out=2, depth=1."
490,peripheral,0.35,34,0.441719,"Периферия: пороги специальных ролей не достигнуты; in=2, out=2, depth=1."
491,peripheral,0.35,35,0.451297,"Периферия: пороги специальных ролей не достигнуты; in=2, out=2, depth=1."
492,peripheral,0.35,35,0.444726,"Периферия: пороги специальных ролей не достигнуты; in=2, out=2, depth=1."
493,peripheral,0.35,35,0.454304,"Периферия: пороги специальных ролей не достигнуты; in=2, out=2, depth=1."
494,coordinator,0.730556,35,0.911873,"Гипотеза координации: in=2, out=2; центральность выше 96% узлов компоненты."
495,coordinator,0.760185,36,0.928858,"Гипотеза координации: in=2, out=2; центральность выше 96% узлов компоненты."
496,coordinator,0.738889,36,0.917097,"Гипотеза координации: in=2, out=2; центральность выше 97% узлов компоненты."
497,coordinator,0.77037,36,0.935197,"Гипотеза координации: in=2, out=2; центральность выше 98% узлов компоненты."
498,coordinator,0.750926,36,0.924684,"Гипотеза координации: in=2, out=2; центральность выше 99% узлов компоненты."
499,coordinator,0.773148,37,0.936676,"Гипотеза координации: in=2, out=2; центральность выше 99% узлов компоненты."
500,coordinator,0.75463,37,0.92681,"Гипотеза координации: in=2, out=2; центральность выше 100% узлов компоненты."
501,coordinator,0.780556,37,0.941165,"Гипотеза координации: in=2, out=2; центральность выше 100% узлов компоненты."
502,coordinator,0.751852,37,0.924353,"Гипотеза координации: in=2, out=2; центральность выше 99% узлов компоненты."
503,coordinator,0.771296,38,0.934821,"Гипотеза координации: in=2, out=2; центральность выше 98% узлов компоненты."
504,coordinator,0.74537,38,0.919814,"Гипотеза координации: in=2, out=2; центральность выше 97% узлов компоненты."
505,coordinator,0.766667,38,0.931486,"Гипотеза координации: in=2, out=2; центральность выше 97% узлов компоненты."
506,coordinator,0.738889,38,0.915409,"Гипотеза координации: in=2, out=2; центральность выше 96% узлов компоненты."
507,coordinator,0.760185,29,0.926947,"Гипотеза координации: in=2, out=2; центральность выше 95% узлов компоненты."
508,peripheral,0.35,29,0.446312,"Периферия: пороги специальных ролей не достигнуты; in=2, out=2, depth=1."
509,peripheral,0.35,29,0.452482,"Периферия: пороги специальных ролей не достигнуты; in=2, out=2, depth=1."
510,peripheral,0.35,29,0.443394,"Периферия: пороги специальных ролей не достигнуты; in=2, out=2, depth=1."
511,peripheral,0.35,29,0.449564,"Периферия: пороги специальных ролей не достигнуты; in=2, out=2, depth=1."
512,peripheral,0.35,29,0.440475,"Периферия: пороги специальных ролей не достигнуты; in=2, out=2, depth=1."
513,peripheral,0.35,29,0.446645,"Периферия: пороги специальных ролей не достигнуты; in=2, out=2, depth=1."
514,peripheral,0.35,29,0.437646,"Периферия: пороги специальных ролей не достигнуты; in=2, out=2, depth=1."
515,peripheral,0.35,29,0.444467,"Периферия: пороги специальных ролей не достигнуты; in=2, out=2, depth=1."
516,peripheral,0.35,29,0.435513,"Периферия: пороги специальных ролей не достигнуты; in=2, out=2, depth=1."
517,peripheral,0.35,29,0.441549,"Периферия: пороги специальных ролей не достигнуты; in=2, out=2, depth=1."
518,peripheral,0.35,29,0.432594,"Периферия: пороги специальных ролей не достигнуты; in=2, out=2, depth=1."
519,peripheral,0.35,29,0.439416,"Периферия: пороги специальных ролей не достигнуты; in=2, out=2, depth=1."
520,peripheral,0.35,29,0.430461,"Периферия: пороги специальных ролей не достигнуты; in=2, out=2, depth=1."
521,peripheral,0.35,29,0.436497,"Периферия: пороги специальных ролей не достигнуты; in=2, out=2, depth=1."
522,peripheral,0.35,29,0.427587,"Периферия: пороги специальных ролей не достигнуты; in=2, out=2, depth=1."
523,peripheral,0.35,29,0.433623,"Периферия: пороги специальных ролей не достигнуты; in=2, out=2, depth=1."
524,peripheral,0.35,29,0.425409,"Периферия: пороги специальных ролей не достигнуты; in=2, out=2, depth=1."
525,peripheral,0.35,29,0.431445,"Периферия: пороги специальных ролей не достигнуты; in=2, out=2, depth=1."
526,peripheral,0.35,29,0.422491,"Периферия: пороги специальных ролей не достигнуты; in=2, out=2, depth=1."
527,peripheral,0.35,29,0.428572,"Периферия: пороги специальных ролей не достигнуты; in=2, out=2, depth=1."
528,peripheral,0.35,29,0.419617,"Периферия: пороги специальных ролей не достигнуты; in=2, out=2, depth=1."
529,transit,1.0,29,0.772274,"Признаки транзита: out/in=1.00 в диапазоне 0.8–1.2; in=2, out=1."
530,transit,1.0,29,0.812495,"Признаки транзита: out/in=1.00 в диапазоне 0.8–1.2; in=2, out=1."
531,transit,1.0,29,0.82414,"Признаки транзита: out/in=1.00 в диапазоне 0.8–1.2; in=2, out=1."
532,transit,1.0,29,0.825058,"Признаки транзита: out/in=1.00 в диапазоне 0.8–1.2; in=2, out=1."
533,terminal,0.998889,29,0.763514,"Гипотеза терминального поведения: depth=1, in=2, out=0, удержание наблюдаемого входа 100%; узел не на границе depth=4."
534,peripheral,0.35,58,0.437518,"Периферия: пороги специальных ролей не достигнуты; in=2, out=2, depth=1."
535,coordinator,0.8125,59,0.951879,"Гипотеза координации: in=3, out=2; центральность выше 100% узлов компоненты."
536,terminal,0.982353,59,0.727715,"Гипотеза терминального поведения: depth=1, in=2, out=0, удержание наблюдаемого входа 100%; узел не на границе depth=4."
537,coordinator,0.742308,62,0.933664,"Гипотеза координации: in=2, out=2; центральность выше 100% узлов компоненты."
538,transit,1.0,63,0.812414,"Признаки транзита: out/in=1.00 в диапазоне 0.8–1.2; in=3, out=1."
539,coordinator,0.777273,66,0.933403,"Гипотеза координации: in=2, out=2; центральность выше 95% узлов компоненты."
540,terminal,0.990909,67,0.754786,"Гипотеза терминального поведения: depth=1, in=3, out=0, удержание наблюдаемого входа 100%; узел не на границе depth=4."
541,coordinator,0.775,69,0.931971,"Гипотеза координации: in=2, out=2; центральность выше 95% узлов компоненты."
542,terminal,0.97,69,0.726649,"Гипотеза терминального поведения: depth=1, in=2, out=0, удержание наблюдаемого входа 100%; узел не на границе depth=4."
543,coordinator,0.8,72,0.948265,"Гипотеза координации: in=2, out=2; центральность выше 100% узлов компоненты."
544,terminal,0.988889,73,0.731594,"Гипотеза терминального поведения: depth=1, in=2, out=0, удержание наблюдаемого входа 100%; узел не на границе depth=4."
545,coordinator,0.8125,75,0.952013,"Гипотеза координации: in=3, out=2; центральность выше 100% узлов компоненты."
546,transit,1.0,77,0.797359,"Признаки транзита: out/in=1.00 в диапазоне 0.8–1.2; in=2, out=1."
547,transit,1.0,80,0.809397,"Признаки транзита: out/in=1.00 в диапазоне 0.8–1.2; in=2, out=1."
548,transit,1.0,82,0.826198,"Признаки транзита: out/in=1.00 в диапазоне 0.8–1.2; in=2, out=1."
549,transit,1.0,84,0.826242,"Признаки транзита: out/in=1.00 в диапазоне 0.8–1.2; in=2, out=1."
550,transit,1.0,85,0.789988,"Признаки транзита: out/in=1.00 в диапазоне 0.8–1.2; in=1, out=1."
551,transit,1.0,86,0.790165,"Признаки транзита: out/in=1.00 в диапазоне 0.8–1.2; in=1, out=1."
552,transit,1.0,87,0.790254,"Признаки транзита: out/in=1.00 в диапазоне 0.8–1.2; in=1, out=1."
553,terminal,0.975,88,0.699897,"Гипотеза терминального поведения: depth=1, in=1, out=0, удержание наблюдаемого входа 100%; узел не на границе depth=4."
554,peripheral,0.35,0,0.265909,"Периферия: пороги специальных ролей не достигнуты; in=2, out=5, depth=2."
555,peripheral,0.35,28,0.255455,"Периферия: пороги специальных ролей не достигнуты; in=2, out=3, depth=2."
556,peripheral,0.35,28,0.269646,"Периферия: пороги специальных ролей не достигнуты; in=3, out=3, depth=2."
557,peripheral,0.35,28,0.270179,"Периферия: пороги специальных ролей не достигнуты; in=3, out=3, depth=2."
558,peripheral,0.35,28,0.41157,"Периферия: пороги специальных ролей не достигнуты; in=4, out=3, depth=2."
559,peripheral,0.35,11,0.319257,"Периферия: пороги специальных ролей не достигнуты; in=3, out=4, depth=2."
560,peripheral,0.35,28,0.30778,"Периферия: пороги специальных ролей не достигнуты; in=3, out=3, depth=2."
561,peripheral,0.35,17,0.402893,"Периферия: пороги специальных ролей не достигнуты; in=4, out=2, depth=2."
562,peripheral,0.35,1,0.314266,"Периферия: пороги специальных ролей не достигнуты; in=3, out=2, depth=2."
563,peripheral,0.35,1,0.314058,"Периферия: пороги специальных ролей не достигнуты; in=3, out=2, depth=2."
564,peripheral,0.35,5,0.298608,"Периферия: пороги специальных ролей не достигнуты; in=3, out=2, depth=2."
565,peripheral,0.35,0,0.313969,"Периферия: пороги специальных ролей не достигнуты; in=3, out=2, depth=2."
566,peripheral,0.35,21,0.305738,"Периферия: пороги специальных ролей не достигнуты; in=3, out=3, depth=2."
567,peripheral,0.35,6,0.316193,"Периферия: пороги специальных ролей не достигнуты; in=3, out=2, depth=2."
568,peripheral,0.35,7,0.301722,"Периферия: пороги специальных ролей не достигнуты; in=3, out=2, depth=2."
569,peripheral,0.35,21,0.403243,"Периферия: пороги специальных ролей не достигнуты; in=4, out=2, depth=2."
570,peripheral,0.35,1,0.313624,"Периферия: пороги специальных ролей не достигнуты; in=3, out=2, depth=2."
571,peripheral,0.35,23,0.40621,"Периферия: пороги специальных ролей не достигнуты; in=4, out=2, depth=2."
572,peripheral,0.35,2,0.309691,"Периферия: пороги специальных ролей не достигнуты; in=3, out=2, depth=2."
573,peripheral,0.35,6,0.331352,"Периферия: пороги специальных ролей не достигнуты; in=3, out=2, depth=2."
574,peripheral,0.35,1,0.314024,"Периферия: пороги специальных ролей не достигнуты; in=3, out=2, depth=2."
575,peripheral,0.35,23,0.331975,"Периферия: пороги специальных ролей не достигнуты; in=3, out=2, depth=2."
576,peripheral,0.35,4,0.319164,"Периферия: пороги специальных ролей не достигнуты; in=3, out=3, depth=2."
577,peripheral,0.35,22,0.329238,"Периферия: пороги специальных ролей не достигнуты; in=3, out=2, depth=2."
578,peripheral,0.35,4,0.320009,"Периферия: пороги специальных ролей не достигнуты; in=3, out=2, depth=2."
579,peripheral,0.35,8,0.347144,"Периферия: пороги специальных ролей не достигнуты; in=3, out=3, depth=2."
580,peripheral,0.35,8,0.329185,"Периферия: пороги специальных ролей не достигнуты; in=3, out=3, depth=2."
581,peripheral,0.35,8,0.337023,"Периферия: пороги специальных ролей не достигнуты; in=3, out=2, depth=2."
582,peripheral,0.35,8,0.321343,"Периферия: пороги специальных ролей не достигнуты; in=3, out=2, depth=2."
583,peripheral,0.35,20,0.354173,"Периферия: пороги специальных ролей не достигнуты; in=3, out=3, depth=2."
584,peripheral,0.35,7,0.306684,"Периферия: пороги специальных ролей не достигнуты; in=3, out=2, depth=2."
585,peripheral,0.35,1,0.351815,"Периферия: пороги специальных ролей не достигнуты; in=3, out=2, depth=2."
586,peripheral,0.35,1,0.312156,"Периферия: пороги специальных ролей не достигнуты; in=3, out=2, depth=2."
587,peripheral,0.35,1,0.377129,"Периферия: пороги специальных ролей не достигнуты; in=3, out=3, depth=2."
588,peripheral,0.35,1,0.330175,"Периферия: пороги специальных ролей не достигнуты; in=3, out=2, depth=2."
589,peripheral,0.35,3,0.340715,"Периферия: пороги специальных ролей не достигнуты; in=3, out=2, depth=2."
590,peripheral,0.35,2,0.395495,"Периферия: пороги специальных ролей не достигнуты; in=4, out=3, depth=2."
591,peripheral,0.35,16,0.359644,"Периферия: пороги специальных ролей не достигнуты; in=3, out=2, depth=2."
592,peripheral,0.35,3,0.321304,"Периферия: пороги специальных ролей не достигнуты; in=3, out=2, depth=2."
593,peripheral,0.35,5,0.372699,"Периферия: пороги специальных ролей не достигнуты; in=3, out=2, depth=2."
594,peripheral,0.35,11,0.370105,"Периферия: пороги специальных ролей не достигнуты; in=4, out=2, depth=2."
595,peripheral,0.35,5,0.35188,"Периферия: пороги специальных ролей не достигнуты; in=3, out=2, depth=2."
596,peripheral,0.35,5,0.396866,"Периферия: пороги специальных ролей не достигнуты; in=4, out=3, depth=2."
597,peripheral,0.35,1,0.421197,"Периферия: пороги специальных ролей не достигнуты; in=4, out=2, depth=2."
598,peripheral,0.35,1,0.331614,"Периферия: пороги специальных ролей не достигнуты; in=3, out=2, depth=2."
599,peripheral,0.35,1,0.374813,"Периферия: пороги специальных ролей не достигнуты; in=3, out=2, depth=2."
600,peripheral,0.35,1,0.334109,"Периферия: пороги специальных ролей не достигнуты; in=3, out=2, depth=2."
601,peripheral,0.35,2,0.375861,"Периферия: пороги специальных ролей не достигнуты; in=3, out=2, depth=2."
602,peripheral,0.35,2,0.336693,"Периферия: пороги специальных ролей не достигнуты; in=3, out=3, depth=2."
603,peripheral,0.35,3,0.376376,"Периферия: пороги специальных ролей не достигнуты; in=3, out=2, depth=2."
604,peripheral,0.35,3,0.335397,"Периферия: пороги специальных ролей не достигнуты; in=3, out=2, depth=2."
605,peripheral,0.35,1,0.376891,"Периферия: пороги специальных ролей не достигнуты; in=3, out=2, depth=2."
606,peripheral,0.35,1,0.335593,"Периферия: пороги специальных ролей не достигнуты; in=3, out=2, depth=2."
607,peripheral,0.35,1,0.391258,"Периферия: пороги специальных ролей не достигнуты; in=3, out=3, depth=2."
608,peripheral,0.35,1,0.336063,"Периферия: пороги специальных ролей не достигнуты; in=3, out=2, depth=2."
609,peripheral,0.35,1,0.391347,"Периферия: пороги специальных ролей не достигнуты; in=3, out=3, depth=2."
610,peripheral,0.35,1,0.335895,"Периферия: пороги специальных ролей не достигнуты; in=3, out=2, depth=2."
611,peripheral,0.35,9,0.37833,"Периферия: пороги специальных ролей не достигнуты; in=3, out=2, depth=2."
612,peripheral,0.35,9,0.318578,"Периферия: пороги специальных ролей не достигнуты; in=2, out=2, depth=2."
613,peripheral,0.35,7,0.359432,"Периферия: пороги специальных ролей не достигнуты; in=2, out=2, depth=2."
614,peripheral,0.35,7,0.317548,"Периферия: пороги специальных ролей не достигнуты; in=2, out=2, depth=2."
615,peripheral,0.35,10,0.357699,"Периферия: пороги специальных ролей не достигнуты; in=2, out=2, depth=2."
616,peripheral,0.35,10,0.317858,"Периферия: пороги специальных ролей не достигнуты; in=2, out=2, depth=2."
617,peripheral,0.35,10,0.359005,"Периферия: пороги специальных ролей не достигнуты; in=2, out=2, depth=2."
618,peripheral,0.35,10,0.318737,"Периферия: пороги специальных ролей не достигнуты; in=2, out=2, depth=2."
619,peripheral,0.35,0,0.359822,"Периферия: пороги специальных ролей не достигнуты; in=2, out=2, depth=2."
620,peripheral,0.35,0,0.31919,"Периферия: пороги специальных ролей не достигнуты; in=2, out=2, depth=2."
621,peripheral,0.35,0,0.360471,"Периферия: пороги специальных ролей не достигнуты; in=2, out=2, depth=2."
622,peripheral,0.35,0,0.325975,"Периферия: пороги специальных ролей не достигнуты; in=2, out=2, depth=2."
623,peripheral,0.35,11,0.377892,"Периферия: пороги специальных ролей не достигнуты; in=2, out=2, depth=2."
624,peripheral,0.35,11,0.320141,"Периферия: пороги специальных ролей не достигнуты; in=2, out=2, depth=2."
625,peripheral,0.35,11,0.363464,"Периферия: пороги специальных ролей не достигнуты; in=2, out=2, depth=2."
626,peripheral,0.35,11,0.329183,"Периферия: пороги специальных ролей не достигнуты; in=2, out=2, depth=2."
627,peripheral,0.35,0,0.37787,"Периферия: пороги специальных ролей не достигнуты; in=2, out=3, depth=2."
628,peripheral,0.35,0,0.351247,"Периферия: пороги специальных ролей не достигнуты; in=2, out=3, depth=2."
629,peripheral,0.35,0,0.361418,"Периферия: пороги специальных ролей не достигнуты; in=2, out=2, depth=2."
630,peripheral,0.35,0,0.324393,"Периферия: пороги специальных ролей не достигнуты; in=2, out=3, depth=2."
631,peripheral,0.35,0,0.362708,"Периферия: пороги специальных ролей не достигнуты; in=2, out=2, depth=2."
632,peripheral,0.35,0,0.322316,"Периферия: пороги специальных ролей не достигнуты; in=2, out=2, depth=2."
633,peripheral,0.35,0,0.363152,"Периферия: пороги специальных ролей не достигнуты; in=2, out=2, depth=2."
634,peripheral,0.35,0,0.341407,"Периферия: пороги специальных ролей не достигнуты; in=2, out=3, depth=2."
635,peripheral,0.35,0,0.408585,"Периферия: пороги специальных ролей не достигнуты; in=3, out=2, depth=2."
636,peripheral,0.35,0,0.318891,"Периферия: пороги специальных ролей не достигнуты; in=2, out=2, depth=2."
637,peripheral,0.35,0,0.420334,"Периферия: пороги специальных ролей не достигнуты; in=3, out=2, depth=2."
638,peripheral,0.35,0,0.335989,"Периферия: пороги специальных ролей не достигнуты; in=2, out=2, depth=2."
639,peripheral,0.35,0,0.362886,"Периферия: пороги специальных ролей не достигнуты; in=2, out=2, depth=2."
640,peripheral,0.35,0,0.328479,"Периферия: пороги специальных ролей не достигнуты; in=2, out=3, depth=2."
641,peripheral,0.35,0,0.360686,"Периферия: пороги специальных ролей не достигнуты; in=2, out=3, depth=2."
642,peripheral,0.35,0,0.33759,"Периферия: пороги специальных ролей не достигнуты; in=2, out=2, depth=2."
643,peripheral,0.35,0,0.361166,"Периферия: пороги специальных ролей не достигнуты; in=2, out=2, depth=2."
644,peripheral,0.35,0,0.32753,"Периферия: пороги специальных ролей не достигнуты; in=2, out=2, depth=2."
645,peripheral,0.35,0,0.368455,"Периферия: пороги специальных ролей не достигнуты; in=2, out=2, depth=2."
646,peripheral,0.35,0,0.327396,"Периферия: пороги специальных ролей не достигнуты; in=2, out=2, depth=2."
647,peripheral,0.35,0,0.368544,"Периферия: пороги специальных ролей не достигнуты; in=2, out=2, depth=2."
648,peripheral,0.35,12,0.388097,"Периферия: пороги специальных ролей не достигнуты; in=3, out=2, depth=2."
649,peripheral,0.35,12,0.367609,"Периферия: пороги специальных ролей не достигнуты; in=2, out=3, depth=2."
650,peripheral,0.35,12,0.33079,"Периферия: пороги специальных ролей не достигнуты; in=2, out=2, depth=2."
651,peripheral,0.35,12,0.37167,"Периферия: пороги специальных ролей не достигнуты; in=2, out=2, depth=2."
652,peripheral,0.35,12,0.333281,"Периферия: пороги специальных ролей не достигнуты; in=2, out=2, depth=2."
653,peripheral,0.35,10,0.383931,"Периферия: пороги специальных ролей не достигнуты; in=2, out=2, depth=2."
654,peripheral,0.35,10,0.342509,"Периферия: пороги специальных ролей не достигнуты; in=2, out=2, depth=2."
655,peripheral,0.35,0,0.390326,"Периферия: пороги специальных ролей не достигнуты; in=2, out=3, depth=2."
656,peripheral,0.35,0,0.340902,"Периферия: пороги специальных ролей не достигнуты; in=2, out=2, depth=2."
657,peripheral,0.35,0,0.388657,"Периферия: пороги специальных ролей не достигнуты; in=2, out=2, depth=2."
658,peripheral,0.35,0,0.386906,"Периферия: пороги специальных ролей не достигнуты; in=3, out=2, depth=2."
659,peripheral,0.35,0,0.387671,"Периферия: пороги специальных ролей не достигнуты; in=2, out=2, depth=2."
660,peripheral,0.35,0,0.351256,"Периферия: пороги специальных ролей не достигнуты; in=2, out=3, depth=2."
661,peripheral,0.35,0,0.383551,"Периферия: пороги специальных ролей не достигнуты; in=2, out=2, depth=2."
662,peripheral,0.35,0,0.333099,"Периферия: пороги специальных ролей не достигнуты; in=2, out=2, depth=2."
663,peripheral,0.35,3,0.399297,"Периферия: пороги специальных ролей не достигнуты; in=2, out=4, depth=2."
664,peripheral,0.35,3,0.33946,"Периферия: пороги специальных ролей не достигнуты; in=2, out=2, depth=2."
665,peripheral,0.35,4,0.386025,"Периферия: пороги специальных ролей не достигнуты; in=2, out=2, depth=2."
666,peripheral,0.35,0,0.377413,"Периферия: пороги специальных ролей не достигнуты; in=3, out=2, depth=2."
667,peripheral,0.35,4,0.382406,"Периферия: пороги специальных ролей не достигнуты; in=2, out=2, depth=2."
668,peripheral,0.35,4,0.330563,"Периферия: пороги специальных ролей не достигнуты; in=1, out=2, depth=2."
669,peripheral,0.35,18,0.424959,"Периферия: пороги специальных ролей не достигнуты; in=2, out=3, depth=2."
670,peripheral,0.35,15,0.381837,"Периферия: пороги специальных ролей не достигнуты; in=2, out=2, depth=2."
671,peripheral,0.35,6,0.373242,"Периферия: пороги специальных ролей не достигнуты; in=1, out=2, depth=2."
672,peripheral,0.35,6,0.345096,"Периферия: пороги специальных ролей не достигнуты; in=1, out=2, depth=2."
673,peripheral,0.35,7,0.391012,"Периферия: пороги специальных ролей не достигнуты; in=1, out=3, depth=2."
674,peripheral,0.35,7,0.328014,"Периферия: пороги специальных ролей не достигнуты; in=1, out=2, depth=2."
675,peripheral,0.35,13,0.418984,"Периферия: пороги специальных ролей не достигнуты; in=2, out=2, depth=2."
676,peripheral,0.35,13,0.32797,"Периферия: пороги специальных ролей не достигнуты; in=1, out=2, depth=2."
677,peripheral,0.35,13,0.367739,"Периферия: пороги специальных ролей не достигнуты; in=1, out=2, depth=2."
678,peripheral,0.35,13,0.352946,"Периферия: пороги специальных ролей не достигнуты; in=1, out=3, depth=2."
679,peripheral,0.35,13,0.373631,"Периферия: пороги специальных ролей не достигнуты; in=1, out=2, depth=2."
680,peripheral,0.35,13,0.350516,"Периферия: пороги специальных ролей не достигнуты; in=1, out=3, depth=2."
681,peripheral,0.35,4,0.370564,"Периферия: пороги специальных ролей не достигнуты; in=2, out=2, depth=2."
682,peripheral,0.35,4,0.337,"Периферия: пороги специальных ролей не достигнуты; in=1, out=2, depth=2."
683,peripheral,0.35,14,0.36926,"Периферия: пороги специальных ролей не достигнуты; in=1, out=2, depth=2."
684,peripheral,0.35,14,0.329838,"Периферия: пороги специальных ролей не достигнуты; in=1, out=2, depth=2."
685,peripheral,0.35,14,0.363378,"Периферия: пороги специальных ролей не достигнуты; in=1, out=2, depth=2."
686,peripheral,0.35,14,0.34544,"Периферия: пороги специальных ролей не достигнуты; in=1, out=2, depth=2."
687,peripheral,0.35,14,0.418256,"Периферия: пороги специальных ролей не достигнуты; in=2, out=2, depth=2."
688,peripheral,0.35,14,0.32987,"Периферия: пороги специальных ролей не достигнуты; in=1, out=2, depth=2."
689,peripheral,0.35,15,0.369795,"Периферия: пороги специальных ролей не достигнуты; in=1, out=2, depth=2."
690,peripheral,0.35,15,0.342675,"Периферия: пороги специальных ролей не достигнуты; in=1, out=2, depth=2."
691,peripheral,0.35,2,0.386341,"Периферия: пороги специальных ролей не достигнуты; in=1, out=3, depth=2."
692,peripheral,0.35,2,0.345529,"Периферия: пороги специальных ролей не достигнуты; in=1, out=2, depth=2."
693,peripheral,0.35,9,0.380297,"Периферия: пороги специальных ролей не достигнуты; in=1, out=3, depth=2."
694,peripheral,0.35,9,0.368353,"Периферия: пороги специальных ролей не достигнуты; in=2, out=2, depth=2."
695,peripheral,0.35,9,0.370084,"Периферия: пороги специальных ролей не достигнуты; in=1, out=2, depth=2."
696,peripheral,0.35,9,0.339568,"Периферия: пороги специальных ролей не достигнуты; in=1, out=3, depth=2."
697,peripheral,0.35,9,0.357608,"Периферия: пороги специальных ролей не достигнуты; in=1, out=2, depth=2."
698,peripheral,0.35,9,0.34297,"Периферия: пороги специальных ролей не достигнуты; in=1, out=3, depth=2."
699,peripheral,0.35,16,0.364169,"Периферия: пороги специальных ролей не достигнуты; in=1, out=2, depth=2."
700,peripheral,0.35,16,0.346423,"Периферия: пороги специальных ролей не достигнуты; in=1, out=2, depth=2."
701,peripheral,0.35,6,0.367569,"Периферия: пороги специальных ролей не достигнуты; in=1, out=2, depth=2."
702,peripheral,0.35,6,0.348486,"Периферия: пороги специальных ролей не достигнуты; in=1, out=2, depth=2."
703,peripheral,0.35,7,0.372062,"Периферия: пороги специальных ролей не достигнуты; in=1, out=2, depth=2."
704,peripheral,0.35,7,0.332738,"Периферия: пороги специальных ролей не достигнуты; in=1, out=2, depth=2."
705,peripheral,0.35,17,0.373041,"Периферия: пороги специальных ролей не достигнуты; in=1, out=2, depth=2."
706,peripheral,0.35,17,0.334764,"Периферия: пороги специальных ролей не достигнуты; in=1, out=2, depth=2."
707,peripheral,0.35,17,0.375741,"Периферия: пороги специальных ролей не достигнуты; in=1, out=2, depth=2."
708,peripheral,0.35,17,0.369401,"Периферия: пороги специальных ролей не достигнуты; in=1, out=3, depth=2."
709,peripheral,0.35,17,0.361187,"Периферия: пороги специальных ролей не достигнуты; in=1, out=2, depth=2."
710,peripheral,0.35,17,0.346329,"Периферия: пороги специальных ролей не достигнуты; in=1, out=2, depth=2."
711,peripheral,0.35,15,0.388778,"Периферия: пороги специальных ролей не достигнуты; in=1, out=2, depth=2."
712,peripheral,0.35,15,0.348328,"Периферия: пороги специальных ролей не достигнуты; in=1, out=3, depth=2."
713,peripheral,0.35,15,0.412605,"Периферия: пороги специальных ролей не достигнуты; in=2, out=2, depth=2."
714,peripheral,0.35,15,0.337161,"Периферия: пороги специальных ролей не достигнуты; in=1, out=2, depth=2."
715,peripheral,0.35,18,0.372146,"Периферия: пороги специальных ролей не достигнуты; in=1, out=2, depth=2."
716,peripheral,0.35,18,0.326392,"Периферия: пороги специальных ролей не достигнуты; in=1, out=2, depth=2."
717,peripheral,0.35,11,0.376078,"Периферия: пороги специальных ролей не достигнуты; in=1, out=2, depth=2."
718,peripheral,0.35,11,0.360261,"Периферия: пороги специальных ролей не достигнуты; in=1, out=2, depth=2."
719,peripheral,0.35,11,0.386616,"Периферия: пороги специальных ролей не достигнуты; in=1, out=3, depth=2."
720,peripheral,0.35,11,0.337871,"Периферия: пороги специальных ролей не достигнуты; in=1, out=2, depth=2."
721,peripheral,0.35,2,0.374267,"Периферия: пороги специальных ролей не достигнуты; in=1, out=2, depth=2."
722,peripheral,0.35,2,0.371443,"Периферия: пороги специальных ролей не достигнуты; in=1, out=3, depth=2."
723,peripheral,0.35,3,0.367003,"Периферия: пороги специальных ролей не достигнуты; in=1, out=2, depth=2."
724,peripheral,0.35,3,0.344216,"Периферия: пороги специальных ролей не достигнуты; in=1, out=2, depth=2."
725,peripheral,0.35,19,0.411326,"Периферия: пороги специальных ролей не достигнуты; in=2, out=2, depth=2."
726,peripheral,0.35,19,0.34405,"Периферия: пороги специальных ролей не достигнуты; in=1, out=2, depth=2."
727,peripheral,0.35,5,0.402311,"Периферия: пороги специальных ролей не достигнуты; in=2, out=2, depth=2."
728,peripheral,0.35,5,0.356194,"Периферия: пороги специальных ролей не достигнуты; in=1, out=2, depth=2."
729,peripheral,0.35,5,0.371904,"Периферия: пороги специальных ролей не достигнуты; in=1, out=2, depth=2."
730,peripheral,0.35,5,0.340713,"Периферия: пороги специальных ролей не достигнуты; in=1, out=2, depth=2."
731,peripheral,0.35,17,0.398208,"Периферия: пороги специальных ролей не достигнуты; in=1, out=4, depth=2."
732,peripheral,0.35,27,0.387824,"Периферия: пороги специальных ролей не достигнуты; in=2, out=3, depth=2."
733,peripheral,0.35,7,0.382217,"Периферия: пороги специальных ролей не достигнуты; in=1, out=2, depth=2."
734,peripheral,0.35,7,0.341203,"Периферия: пороги специальных ролей не достигнуты; in=1, out=2, depth=2."
735,peripheral,0.35,20,0.38195,"Периферия: пороги специальных ролей не достигнуты; in=1, out=2, depth=2."
736,peripheral,0.35,20,0.373398,"Периферия: пороги специальных ролей не достигнуты; in=1, out=3, depth=2."
737,peripheral,0.35,20,0.385884,"Периферия: пороги специальных ролей не достигнуты; in=1, out=3, depth=2."
738,peripheral,0.35,20,0.345003,"Периферия: пороги специальных ролей не достигнуты; in=1, out=2, depth=2."
739,peripheral,0.35,21,0.357095,"Периферия: пороги специальных ролей не достигнуты; in=1, out=2, depth=2."
740,peripheral,0.35,21,0.353496,"Периферия: пороги специальных ролей не достигнуты; in=1, out=2, depth=2."
741,peripheral,0.35,21,0.390884,"Периферия: пороги специальных ролей не достигнуты; in=1, out=2, depth=2."
742,peripheral,0.35,21,0.347683,"Периферия: пороги специальных ролей не достигнуты; in=1, out=2, depth=2."
743,peripheral,0.35,21,0.378866,"Периферия: пороги специальных ролей не достигнуты; in=1, out=2, depth=2."
744,peripheral,0.35,21,0.380653,"Периферия: пороги специальных ролей не достигнуты; in=2, out=2, depth=2."
745,peripheral,0.35,8,0.372909,"Периферия: пороги специальных ролей не достигнуты; in=1, out=2, depth=2."
746,peripheral,0.35,8,0.351955,"Периферия: пороги специальных ролей не достигнуты; in=1, out=2, depth=2."
747,peripheral,0.35,22,0.414107,"Периферия: пороги специальных ролей не достигнуты; in=2, out=2, depth=2."
748,peripheral,0.35,22,0.344436,"Периферия: пороги специальных ролей не достигнуты; in=1, out=2, depth=2."
749,peripheral,0.35,22,0.39883,"Периферия: пороги специальных ролей не достигнуты; in=1, out=4, depth=2."
750,peripheral,0.35,22,0.35956,"Периферия: пороги специальных ролей не достигнуты; in=2, out=2, depth=2."
751,peripheral,0.35,2,0.414755,"Периферия: пороги специальных ролей не достигнуты; in=2, out=3, depth=2."
752,peripheral,0.35,2,0.333291,"Периферия: пороги специальных ролей не достигнуты; in=1, out=2, depth=2."
753,peripheral,0.35,3,0.385316,"Периферия: пороги специальных ролей не достигнуты; in=1, out=2, depth=2."
754,coordinator,0.997469,4,0.998478,"Гипотеза координации: in=24, out=2; центральность выше 100% узлов компоненты."
755,coordinator,0.926578,4,0.977407,"Гипотеза координации: in=12, out=3; центральность выше 98% узлов компоненты."
756,peripheral,0.35,4,0.334251,"Периферия: пороги специальных ролей не достигнуты; in=1, out=2, depth=2."
757,peripheral,0.35,23,0.385717,"Периферия: пороги специальных ролей не достигнуты; in=1, out=2, depth=2."
758,peripheral,0.35,23,0.373017,"Периферия: пороги специальных ролей не достигнуты; in=2, out=3, depth=2."
759,peripheral,0.35,5,0.356438,"Периферия: пороги специальных ролей не достигнуты; in=1, out=2, depth=2."
760,peripheral,0.35,3,0.371513,"Периферия: пороги специальных ролей не достигнуты; in=2, out=2, depth=2."
761,peripheral,0.35,6,0.382002,"Периферия: пороги специальных ролей не достигнуты; in=1, out=2, depth=2."
762,peripheral,0.35,6,0.344105,"Периферия: пороги специальных ролей не достигнуты; in=1, out=2, depth=2."
763,peripheral,0.35,7,0.387971,"Периферия: пороги специальных ролей не достигнуты; in=1, out=2, depth=2."
764,peripheral,0.35,7,0.354851,"Периферия: пороги специальных ролей не достигнуты; in=1, out=2, depth=2."
765,peripheral,0.35,8,0.388127,"Периферия: пороги специальных ролей не достигнуты; in=1, out=2, depth=2."
766,peripheral,0.35,8,0.339339,"Периферия: пороги специальных ролей не достигнуты; in=1, out=2, depth=2."
767,peripheral,0.35,8,0.393211,"Периферия: пороги специальных ролей не достигнуты; in=1, out=2, depth=2."
768,peripheral,0.35,8,0.356512,"Периферия: пороги специальных ролей не достигнуты; in=1, out=2, depth=2."
769,peripheral,0.35,14,0.374259,"Периферия: пороги специальных ролей не достигнуты; in=1, out=2, depth=2."
770,peripheral,0.35,14,0.348603,"Периферия: пороги специальных ролей не достигнуты; in=1, out=2, depth=2."
771,peripheral,0.35,14,0.38161,"Периферия: пороги специальных ролей не достигнуты; in=1, out=2, depth=2."
772,peripheral,0.35,14,0.362126,"Периферия: пороги специальных ролей не достигнуты; in=1, out=2, depth=2."
773,peripheral,0.35,14,0.386993,"Периферия: пороги специальных ролей не достигнуты; in=1, out=2, depth=2."
774,peripheral,0.35,14,0.375787,"Периферия: пороги специальных ролей не достигнуты; in=1, out=5, depth=2."
775,peripheral,0.35,24,0.39196,"Периферия: пороги специальных ролей не достигнуты; in=1, out=4, depth=2."
776,peripheral,0.35,4,0.381007,"Периферия: пороги специальных ролей не достигнуты; in=2, out=3, depth=2."
777,peripheral,0.35,24,0.389706,"Периферия: пороги специальных ролей не достигнуты; in=1, out=2, depth=2."
778,peripheral,0.35,24,0.347936,"Периферия: пороги специальных ролей не достигнуты; in=1, out=2, depth=2."
779,peripheral,0.35,24,0.389128,"Периферия: пороги специальных ролей не достигнуты; in=1, out=2, depth=2."
780,peripheral,0.35,24,0.348645,"Периферия: пороги специальных ролей не достигнуты; in=1, out=2, depth=2."
781,peripheral,0.35,2,0.388994,"Периферия: пороги специальных ролей не достигнуты; in=1, out=2, depth=2."
782,peripheral,0.35,2,0.37118,"Периферия: пороги специальных ролей не достигнуты; in=1, out=3, depth=2."
783,peripheral,0.35,3,0.39331,"Периферия: пороги специальных ролей не достигнуты; in=1, out=3, depth=2."
784,peripheral,0.35,3,0.384087,"Периферия: пороги специальных ролей не достигнуты; in=2, out=2, depth=2."
785,peripheral,0.35,9,0.420547,"Периферия: пороги специальных ролей не достигнуты; in=2, out=2, depth=2."
786,peripheral,0.35,9,0.351736,"Периферия: пороги специальных ролей не достигнуты; in=1, out=2, depth=2."
787,peripheral,0.35,9,0.389884,"Периферия: пороги специальных ролей не достигнуты; in=1, out=2, depth=2."
788,peripheral,0.35,9,0.348114,"Периферия: пороги специальных ролей не достигнуты; in=1, out=2, depth=2."
789,peripheral,0.35,5,0.390151,"Периферия: пороги специальных ролей не достигнуты; in=1, out=2, depth=2."
790,peripheral,0.35,5,0.341747,"Периферия: пороги специальных ролей не достигнуты; in=1, out=2, depth=2."
791,peripheral,0.35,6,0.390507,"Периферия: пороги специальных ролей не достигнуты; in=1, out=2, depth=2."
792,peripheral,0.35,6,0.374068,"Периферия: пороги специальных ролей не достигнуты; in=2, out=2, depth=2."
793,peripheral,0.35,7,0.392967,"Периферия: пороги специальных ролей не достигнуты; in=1, out=2, depth=2."
794,peripheral,0.35,7,0.37641,"Периферия: пороги специальных ролей не достигнуты; in=1, out=3, depth=2."
795,peripheral,0.35,9,0.385129,"Периферия: пороги специальных ролей не достигнуты; in=1, out=3, depth=2."
796,peripheral,0.35,9,0.366064,"Периферия: пороги специальных ролей не достигнуты; in=2, out=2, depth=2."
797,peripheral,0.35,25,0.373776,"Периферия: пороги специальных ролей не достигнуты; in=1, out=2, depth=2."
798,peripheral,0.35,25,0.35501,"Периферия: пороги специальных ролей не достигнуты; in=1, out=2, depth=2."
799,peripheral,0.35,25,0.39101,"Периферия: пороги специальных ролей не достигнуты; in=1, out=2, depth=2."
800,peripheral,0.35,25,0.349995,"Периферия: пороги специальных ролей не достигнуты; in=1, out=2, depth=2."
801,peripheral,0.35,4,0.391443,"Периферия: пороги специальных ролей не достигнуты; in=1, out=2, depth=2."
802,peripheral,0.35,4,0.354488,"Периферия: пороги специальных ролей не достигнуты; in=1, out=2, depth=2."
803,peripheral,0.35,26,0.422136,"Периферия: пороги специальных ролей не достигнуты; in=2, out=2, depth=2."
804,peripheral,0.35,26,0.34786,"Периферия: пороги специальных ролей не достигнуты; in=1, out=2, depth=2."
805,peripheral,0.35,26,0.391391,"Периферия: пороги специальных ролей не достигнуты; in=1, out=2, depth=2."
806,peripheral,0.35,26,0.36247,"Периферия: пороги специальных ролей не достигнуты; in=1, out=3, depth=2."
807,peripheral,0.35,7,0.391264,"Периферия: пороги специальных ролей не достигнуты; in=1, out=2, depth=2."
808,peripheral,0.35,7,0.372832,"Периферия: пороги специальных ролей не достигнуты; in=1, out=4, depth=2."
809,peripheral,0.35,7,0.350141,"Периферия: пороги специальных ролей не достигнуты; in=1, out=2, depth=2."
810,peripheral,0.35,7,0.373,"Периферия: пороги специальных ролей не достигнуты; in=1, out=4, depth=2."
811,peripheral,0.35,2,0.39555,"Периферия: пороги специальных ролей не достигнуты; in=1, out=3, depth=2."
812,peripheral,0.35,2,0.351311,"Периферия: пороги специальных ролей не достигнуты; in=1, out=2, depth=2."
813,peripheral,0.35,3,0.41418,"Периферия: пороги специальных ролей не достигнуты; in=2, out=2, depth=2."
814,peripheral,0.35,3,0.351108,"Периферия: пороги специальных ролей не достигнуты; in=1, out=2, depth=2."
815,peripheral,0.35,23,0.399627,"Периферия: пороги специальных ролей не достигнуты; in=1, out=3, depth=2."
816,peripheral,0.35,23,0.385018,"Периферия: пороги специальных ролей не достигнуты; in=2, out=3, depth=2."
817,peripheral,0.35,23,0.364998,"Периферия: пороги специальных ролей не достигнуты; in=1, out=2, depth=2."
818,peripheral,0.35,23,0.35173,"Периферия: пороги специальных ролей не достигнуты; in=1, out=2, depth=2."
819,peripheral,0.35,23,0.365265,"Периферия: пороги специальных ролей не достигнуты; in=1, out=3, depth=2."
820,peripheral,0.35,23,0.373624,"Периферия: пороги специальных ролей не достигнуты; in=2, out=3, depth=2."
821,peripheral,0.35,27,0.394079,"Периферия: пороги специальных ролей не достигнуты; in=1, out=2, depth=2."
822,peripheral,0.35,27,0.352309,"Периферия: пороги специальных ролей не достигнуты; in=1, out=2, depth=2."
823,peripheral,0.35,27,0.402169,"Периферия: пороги специальных ролей не достигнуты; in=1, out=2, depth=2."
824,peripheral,0.35,27,0.352086,"Периферия: пороги специальных ролей не достигнуты; in=1, out=2, depth=2."
825,peripheral,0.35,27,0.398074,"Периферия: пороги специальных ролей не достигнуты; in=1, out=3, depth=2."
826,peripheral,0.35,27,0.369218,"Периферия: пороги специальных ролей не достигнуты; in=1, out=3, depth=2."
827,peripheral,0.35,21,0.379729,"Периферия: пороги специальных ролей не достигнуты; in=1, out=2, depth=2."
828,peripheral,0.35,21,0.353888,"Периферия: пороги специальных ролей не достигнуты; in=1, out=2, depth=2."
829,peripheral,0.35,17,0.390469,"Периферия: пороги специальных ролей не достигнуты; in=1, out=2, depth=2."
830,peripheral,0.35,17,0.34267,"Периферия: пороги специальных ролей не достигнуты; in=1, out=2, depth=2."
831,peripheral,0.35,4,0.386567,"Периферия: пороги специальных ролей не достигнуты; in=1, out=2, depth=2."
832,peripheral,0.35,4,0.340447,"Периферия: пороги специальных ролей не достигнуты; in=1, out=2, depth=2."
833,peripheral,0.35,16,0.399198,"Периферия: пороги специальных ролей не достигнуты; in=1, out=3, depth=2."
834,peripheral,0.35,16,0.343516,"Периферия: пороги специальных ролей не достигнуты; in=1, out=2, depth=2."
835,peripheral,0.35,16,0.401201,"Периферия: пороги специальных ролей не достигнуты; in=1, out=2, depth=2."
836,peripheral,0.35,16,0.354511,"Периферия: пороги специальных ролей не достигнуты; in=1, out=2, depth=2."
837,peripheral,0.35,16,0.396771,"Периферия: пороги специальных ролей не достигнуты; in=1, out=2, depth=2."
838,peripheral,0.35,16,0.341614,"Периферия: пороги специальных ролей не достигнуты; in=1, out=2, depth=2."
839,transit,1.0,16,0.665159,"Признаки транзита: out/in=1.00 в диапазоне 0.8–1.2; in=1, out=1."
840,transit,1.0,16,0.732473,"Признаки транзита: out/in=1.00 в диапазоне 0.8–1.2; in=2, out=1."
841,transit,1.0,2,0.715815,"Признаки транзита: out/in=1.00 в диапазоне 0.8–1.2; in=1, out=1."
842,transit,1.0,2,0.702281,"Признаки транзита: out/in=1.00 в диапазоне 0.8–1.2; in=1, out=1."
843,transit,1.0,3,0.718599,"Признаки транзита: out/in=1.00 в диапазоне 0.8–1.2; in=1, out=1."
844,transit,1.0,3,0.707886,"Признаки транзита: out/in=1.00 в диапазоне 0.8–1.2; in=1, out=1."
845,transit,1.0,15,0.741467,"Признаки транзита: out/in=1.00 в диапазоне 0.8–1.2; in=1, out=1."
846,transit,1.0,15,0.708731,"Признаки транзита: out/in=1.00 в диапазоне 0.8–1.2; in=1, out=1."
847,transit,1.0,15,0.709059,"Признаки транзита: out/in=1.00 в диапазоне 0.8–1.2; in=1, out=1."
848,transit,1.0,15,0.717145,"Признаки транзита: out/in=1.00 в диапазоне 0.8–1.2; in=1, out=1."
849,transit,1.0,5,0.716071,"Признаки транзита: out/in=1.00 в диапазоне 0.8–1.2; in=1, out=1."
850,transit,1.0,2,0.694874,"Признаки транзита: out/in=1.00 в диапазоне 0.8–1.2; in=1, out=1."
851,peripheral,0.35,6,0.395409,"Периферия: пороги специальных ролей не достигнуты; in=1, out=2, depth=2."
852,peripheral,0.35,6,0.356779,"Периферия: пороги специальных ролей не достигнуты; in=1, out=2, depth=2."
853,transit,1.0,19,0.726836,"Признаки транзита: out/in=1.00 в диапазоне 0.8–1.2; in=1, out=1."
854,transit,1.0,7,0.647361,"Признаки транзита: out/in=1.00 в диапазоне 0.8–1.2; in=1, out=1."
855,transit,1.0,27,0.718211,"Признаки транзита: out/in=1.00 в диапазоне 0.8–1.2; in=1, out=1."
856,transit,1.0,27,0.709334,"Признаки транзита: out/in=1.00 в диапазоне 0.8–1.2; in=1, out=1."
857,transit,1.0,27,0.730617,"Признаки транзита: out/in=1.00 в диапазоне 0.8–1.2; in=1, out=1."
858,transit,1.0,27,0.710916,"Признаки транзита: out/in=1.00 в диапазоне 0.8–1.2; in=1, out=1."
859,transit,1.0,27,0.708402,"Признаки транзита: out/in=1.00 в диапазоне 0.8–1.2; in=1, out=1."
860,peripheral,0.35,4,0.347132,"Периферия: пороги специальных ролей не достигнуты; in=1, out=2, depth=2."
861,transit,1.0,4,0.730667,"Признаки транзита: out/in=1.00 в диапазоне 0.8–1.2; in=1, out=1."
862,peripheral,0.35,4,0.351514,"Периферия: пороги специальных ролей не достигнуты; in=1, out=2, depth=2."
863,transit,1.0,15,0.723922,"Признаки транзита: out/in=1.00 в диапазоне 0.8–1.2; in=1, out=1."
864,transit,1.0,19,0.753619,"Признаки транзита: out/in=1.00 в диапазоне 0.8–1.2; in=2, out=1."
865,transit,1.0,28,0.733158,"Признаки транзита: out/in=1.00 в диапазоне 0.8–1.2; in=1, out=1."
866,transit,1.0,28,0.70431,"Признаки транзита: out/in=1.00 в диапазоне 0.8–1.2; in=1, out=1."
867,peripheral,0.35,8,0.396675,"Периферия: пороги специальных ролей не достигнуты; in=1, out=2, depth=2."
868,peripheral,0.35,8,0.358405,"Периферия: пороги специальных ролей не достигнуты; in=1, out=2, depth=2."
869,peripheral,0.35,10,0.416028,"Периферия: пороги специальных ролей не достигнуты; in=2, out=2, depth=2."
870,transit,1.0,10,0.698366,"Признаки транзита: out/in=1.00 в диапазоне 0.8–1.2; in=1, out=1."
871,peripheral,0.35,10,0.419357,"Периферия: пороги специальных ролей не достигнуты; in=2, out=3, depth=2."
872,transit,1.0,10,0.710738,"Признаки транзита: out/in=1.00 в диапазоне 0.8–1.2; in=1, out=1."
873,transit,1.0,3,0.732846,"Признаки транзита: out/in=1.00 в диапазоне 0.8–1.2; in=1, out=1."
874,transit,1.0,3,0.712221,"Признаки транзита: out/in=1.00 в диапазоне 0.8–1.2; in=1, out=1."
875,transit,1.0,16,0.719857,"Признаки транзита: out/in=1.00 в диапазоне 0.8–1.2; in=1, out=1."
876,transit,1.0,4,0.711227,"Признаки транзита: out/in=1.00 в диапазоне 0.8–1.2; in=1, out=1."
877,transit,1.0,4,0.705163,"Признаки транзита: out/in=1.00 в диапазоне 0.8–1.2; in=1, out=1."
878,transit,1.0,4,0.704821,"Признаки транзита: out/in=1.00 в диапазоне 0.8–1.2; in=1, out=1."
879,transit,1.0,5,0.736341,"Признаки транзита: out/in=1.00 в диапазоне 0.8–1.2; in=1, out=1."
880,transit,1.0,5,0.710515,"Признаки транзита: out/in=1.00 в диапазоне 0.8–1.2; in=1, out=1."
881,transit,1.0,6,0.719812,"Признаки транзита: out/in=1.00 в диапазоне 0.8–1.2; in=1, out=1."
882,peripheral,0.35,6,0.370015,"Периферия: пороги специальных ролей не достигнуты; in=1, out=2, depth=2."
883,transit,1.0,8,0.709885,"Признаки транзита: out/in=1.00 в диапазоне 0.8–1.2; in=2, out=1."
884,peripheral,0.35,7,0.367971,"Периферия: пороги специальных ролей не достигнуты; in=1, out=2, depth=2."
885,transit,1.0,18,0.738462,"Признаки транзита: out/in=1.00 в диапазоне 0.8–1.2; in=1, out=1."
886,transit,1.0,18,0.710248,"Признаки транзита: out/in=1.00 в диапазоне 0.8–1.2; in=1, out=1."
887,peripheral,0.35,18,0.388238,"Периферия: пороги специальных ролей не достигнуты; in=1, out=2, depth=2."
888,transit,1.0,18,0.711005,"Признаки транзита: out/in=1.00 в диапазоне 0.8–1.2; in=1, out=1."
889,transit,1.0,4,0.733425,"Признаки транзита: out/in=1.00 в диапазоне 0.8–1.2; in=1, out=1."
890,transit,1.0,4,0.732261,"Признаки транзита: out/in=1.00 в диапазоне 0.8–1.2; in=2, out=1."
891,peripheral,0.35,4,0.40402,"Периферия: пороги специальных ролей не достигнуты; in=1, out=2, depth=2."
892,transit,1.0,4,0.71136,"Признаки транзита: out/in=1.00 в диапазоне 0.8–1.2; in=1, out=1."
893,transit,1.0,25,0.734775,"Признаки транзита: out/in=1.00 в диапазоне 0.8–1.2; in=1, out=1."
894,transit,1.0,25,0.712622,"Признаки транзита: out/in=1.00 в диапазоне 0.8–1.2; in=1, out=1."
895,transit,1.0,25,0.733736,"Признаки транзита: out/in=1.00 в диапазоне 0.8–1.2; in=1, out=1."
896,peripheral,0.35,25,0.346051,"Периферия: пороги специальных ролей не достигнуты; in=1, out=2, depth=2."
897,peripheral,0.35,25,0.415745,"Периферия: пороги специальных ролей не достигнуты; in=2, out=2, depth=2."
898,transit,1.0,0,0.734103,"Признаки транзита: out/in=1.00 в диапазоне 0.8–1.2; in=2, out=1."
899,transit,1.0,25,0.749825,"Признаки транзита: out/in=1.00 в диапазоне 0.8–1.2; in=2, out=1."
900,transit,1.0,25,0.700125,"Признаки транзита: out/in=1.00 в диапазоне 0.8–1.2; in=1, out=1."
901,transit,1.0,2,0.774985,"Признаки транзита: out/in=1.00 в диапазоне 0.8–1.2; in=2, out=1."
902,peripheral,0.35,2,0.361429,"Периферия: пороги специальных ролей не достигнуты; in=1, out=2, depth=2."
903,transit,1.0,3,0.719273,"Признаки транзита: out/in=1.00 в диапазоне 0.8–1.2; in=1, out=1."
904,transit,1.0,3,0.720236,"Признаки транзита: out/in=1.00 в диапазоне 0.8–1.2; in=1, out=1."
905,peripheral,0.35,14,0.413304,"Периферия: пороги специальных ролей не достигнуты; in=2, out=2, depth=2."
906,transit,1.0,14,0.696365,"Признаки транзита: out/in=1.00 в диапазоне 0.8–1.2; in=1, out=1."
907,transit,1.0,7,0.679773,"Признаки транзита: out/in=1.00 в диапазоне 0.8–1.2; in=1, out=1."
908,transit,1.0,4,0.711267,"Признаки транзита: out/in=1.00 в диапазоне 0.8–1.2; in=1, out=1."
909,transit,1.0,5,0.734888,"Признаки транзита: out/in=1.00 в диапазоне 0.8–1.2; in=1, out=1."
910,transit,1.0,5,0.713669,"Признаки транзита: out/in=1.00 в диапазоне 0.8–1.2; in=1, out=1."
911,transit,1.0,6,0.65822,"Признаки транзита: out/in=1.00 в диапазоне 0.8–1.2; in=1, out=1."
912,transit,1.0,6,0.720627,"Признаки транзита: out/in=1.00 в диапазоне 0.8–1.2; in=1, out=1."
913,peripheral,0.35,7,0.356088,"Периферия: пороги специальных ролей не достигнуты; in=1, out=2, depth=2."
914,transit,1.0,19,0.71318,"Признаки транзита: out/in=1.00 в диапазоне 0.8–1.2; in=1, out=1."
915,transit,1.0,19,0.748165,"Признаки транзита: out/in=1.00 в диапазоне 0.8–1.2; in=1, out=1."
916,peripheral,0.35,19,0.352719,"Периферия: пороги специальных ролей не достигнуты; in=1, out=2, depth=2."
917,peripheral,0.35,19,0.427704,"Периферия: пороги специальных ролей не достигнуты; in=3, out=2, depth=2."
918,peripheral,0.35,19,0.347952,"Периферия: пороги специальных ролей не достигнуты; in=1, out=1, depth=2."
919,peripheral,0.35,19,0.37375,"Периферия: пороги специальных ролей не достигнуты; in=1, out=1, depth=2."
920,peripheral,0.35,19,0.335465,"Периферия: пороги специальных ролей не достигнуты; in=1, out=1, depth=2."
921,peripheral,0.35,19,0.379358,"Периферия: пороги специальных ролей не достигнуты; in=2, out=1, depth=2."
922,peripheral,0.35,4,0.330826,"Периферия: пороги специальных ролей не достигнуты; in=1, out=1, depth=2."
923,peripheral,0.35,4,0.378779,"Периферия: пороги специальных ролей не достигнуты; in=1, out=1, depth=2."
924,peripheral,0.35,4,0.366029,"Периферия: пороги специальных ролей не достигнуты; in=2, out=1, depth=2."
925,peripheral,0.35,18,0.386162,"Периферия: пороги специальных ролей не достигнуты; in=1, out=3, depth=2."
926,peripheral,0.35,6,0.3455,"Периферия: пороги специальных ролей не достигнуты; in=1, out=2, depth=2."
927,peripheral,0.35,6,0.372009,"Периферия: пороги специальных ролей не достигнуты; in=1, out=2, depth=2."
928,peripheral,0.35,6,0.332597,"Периферия: пороги специальных ролей не достигнуты; in=1, out=1, depth=2."
929,peripheral,0.35,26,0.352892,"Периферия: пороги специальных ролей не достигнуты; in=1, out=1, depth=2."
930,peripheral,0.35,26,0.343938,"Периферия: пороги специальных ролей не достигнуты; in=1, out=2, depth=2."
931,peripheral,0.35,2,0.365882,"Периферия: пороги специальных ролей не достигнуты; in=1, out=1, depth=2."
932,peripheral,0.35,2,0.327003,"Периферия: пороги специальных ролей не достигнуты; in=1, out=1, depth=2."
933,peripheral,0.35,3,0.371086,"Периферия: пороги специальных ролей не достигнуты; in=1, out=1, depth=2."
934,peripheral,0.35,3,0.37191,"Периферия: пороги специальных ролей не достигнуты; in=2, out=1, depth=2."
935,peripheral,0.35,4,0.394228,"Периферия: пороги специальных ролей не достигнуты; in=1, out=2, depth=2."
936,peripheral,0.35,4,0.341177,"Периферия: пороги специальных ролей не достигнуты; in=1, out=2, depth=2."
937,peripheral,0.35,4,0.374889,"Периферия: пороги специальных ролей не достигнуты; in=1, out=1, depth=2."
938,peripheral,0.35,4,0.330398,"Периферия: пороги специальных ролей не достигнуты; in=1, out=1, depth=2."
939,peripheral,0.35,5,0.374392,"Периферия: пороги специальных ролей не достигнуты; in=1, out=1, depth=2."
940,peripheral,0.35,5,0.350297,"Периферия: пороги специальных ролей не достигнуты; in=1, out=2, depth=2."
941,peripheral,0.35,6,0.375911,"Периферия: пороги специальных ролей не достигнуты; in=1, out=1, depth=2."
942,peripheral,0.35,6,0.346452,"Периферия: пороги специальных ролей не достигнуты; in=1, out=2, depth=2."
943,peripheral,0.35,7,0.376178,"Периферия: пороги специальных ролей не достигнуты; in=1, out=1, depth=2."
944,peripheral,0.35,7,0.331561,"Периферия: пороги специальных ролей не достигнуты; in=1, out=1, depth=2."
945,peripheral,0.35,30,0.305456,"Периферия: пороги специальных ролей не достигнуты; in=1, out=2, depth=2."
946,peripheral,0.35,30,0.312214,"Периферия: пороги специальных ролей не достигнуты; in=1, out=2, depth=2."
947,peripheral,0.35,30,0.309318,"Периферия: пороги специальных ролей не достигнуты; in=1, out=2, depth=2."
948,peripheral,0.35,31,0.320716,"Периферия: пороги специальных ролей не достигнуты; in=1, out=2, depth=2."
949,peripheral,0.35,31,0.311176,"Периферия: пороги специальных ролей не достигнуты; in=1, out=2, depth=2."
950,peripheral,0.35,32,0.321218,"Периферия: пороги специальных ролей не достигнуты; in=1, out=2, depth=2."
951,peripheral,0.35,32,0.324234,"Периферия: пороги специальных ролей не достигнуты; in=1, out=2, depth=2."
952,peripheral,0.35,32,0.326181,"Периферия: пороги специальных ролей не достигнуты; in=1, out=2, depth=2."
953,peripheral,0.35,32,0.322294,"Периферия: пороги специальных ролей не достигнуты; in=1, out=2, depth=2."
954,peripheral,0.35,33,0.332522,"Периферия: пороги специальных ролей не достигнуты; in=1, out=2, depth=2."
955,peripheral,0.35,33,0.328264,"Периферия: пороги специальных ролей не достигнуты; in=1, out=2, depth=2."
956,peripheral,0.35,33,0.338122,"Периферия: пороги специальных ролей не достигнуты; in=1, out=2, depth=2."
957,peripheral,0.35,33,0.334323,"Периферия: пороги специальных ролей не достигнуты; in=1, out=2, depth=2."
958,peripheral,0.35,34,0.344878,"Периферия: пороги специальных ролей не достигнуты; in=1, out=2, depth=2."
959,peripheral,0.35,34,0.341035,"Периферия: пороги специальных ролей не достигнуты; in=1, out=2, depth=2."
960,peripheral,0.35,34,0.359411,"Периферия: пороги специальных ролей не достигнуты; in=1, out=2, depth=2."
961,peripheral,0.35,34,0.345153,"Периферия: пороги специальных ролей не достигнуты; in=1, out=2, depth=2."
962,peripheral,0.35,35,0.355382,"Периферия: пороги специальных ролей не достигнуты; in=1, out=2, depth=2."
963,peripheral,0.35,35,0.350383,"Периферия: пороги специальных ролей не достигнуты; in=1, out=2, depth=2."
964,peripheral,0.35,35,0.358019,"Периферия: пороги специальных ролей не достигнуты; in=1, out=2, depth=2."
965,peripheral,0.35,35,0.351909,"Периферия: пороги специальных ролей не достигнуты; in=1, out=2, depth=2."
966,peripheral,0.35,36,0.360285,"Периферия: пороги специальных ролей не достигнуты; in=1, out=2, depth=2."
967,peripheral,0.35,36,0.35422,"Периферия: пороги специальных ролей не достигнуты; in=1, out=2, depth=2."
968,peripheral,0.35,36,0.361811,"Периферия: пороги специальных ролей не достигнуты; in=1, out=2, depth=2."
969,peripheral,0.35,36,0.369865,"Периферия: пороги специальных ролей не достигнуты; in=1, out=3, depth=2."
970,peripheral,0.35,37,0.363337,"Периферия: пороги специальных ролей не достигнуты; in=1, out=2, depth=2."
971,peripheral,0.35,37,0.357731,"Периферия: пороги специальных ролей не достигнуты; in=1, out=2, depth=2."
972,peripheral,0.35,37,0.367085,"Периферия: пороги специальных ролей не достигнуты; in=1, out=2, depth=2."
973,peripheral,0.35,37,0.369435,"Периферия: пороги специальных ролей не достигнуты; in=1, out=2, depth=2."
974,peripheral,0.35,38,0.370834,"Периферия: пороги специальных ролей не достигнуты; in=1, out=2, depth=2."
975,peripheral,0.35,38,0.356146,"Периферия: пороги специальных ролей не достигнуты; in=1, out=2, depth=2."
976,peripheral,0.35,38,0.37393,"Периферия: пороги специальных ролей не достигнуты; in=1, out=2, depth=2."
977,peripheral,0.35,38,0.368457,"Периферия: пороги специальных ролей не достигнуты; in=1, out=2, depth=2."
978,peripheral,0.35,39,0.378463,"Периферия: пороги специальных ролей не достигнуты; in=1, out=2, depth=2."
979,peripheral,0.35,40,0.373776,"Периферия: пороги специальных ролей не достигнуты; in=1, out=2, depth=2."
980,peripheral,0.35,36,0.365915,"Периферия: пороги специальных ролей не достигнуты; in=1, out=2, depth=2."
981,peripheral,0.35,41,0.376828,"Периферия: пороги специальных ролей не достигнуты; in=1, out=2, depth=2."
982,peripheral,0.35,42,0.384478,"Периферия: пороги специальных ролей не достигнуты; in=1, out=2, depth=2."
983,peripheral,0.35,43,0.378902,"Периферия: пороги специальных ролей не достигнуты; in=1, out=2, depth=2."
984,peripheral,0.35,44,0.386004,"Периферия: пороги специальных ролей не достигнуты; in=1, out=2, depth=2."
985,peripheral,0.35,45,0.358665,"Периферия: пороги специальных ролей не достигнуты; in=1, out=1, depth=2."
986,peripheral,0.35,29,0.366834,"Периферия: пороги специальных ролей не достигнуты; in=1, out=1, depth=2."
987,peripheral,0.35,46,0.362043,"Периферия: пороги специальных ролей не достигнуты; in=1, out=1, depth=2."
988,peripheral,0.35,47,0.369101,"Периферия: пороги специальных ролей не достигнуты; in=1, out=1, depth=2."
989,peripheral,0.35,48,0.363569,"Периферия: пороги специальных ролей не достигнуты; in=1, out=1, depth=2."
990,peripheral,0.35,49,0.372242,"Периферия: пороги специальных ролей не достигнуты; in=1, out=1, depth=2."
991,peripheral,0.35,50,0.366621,"Периферия: пороги специальных ролей не достигнуты; in=1, out=1, depth=2."
992,peripheral,0.35,51,0.373768,"Периферия: пороги специальных ролей не достигнуты; in=1, out=1, depth=2."
993,peripheral,0.35,32,0.364488,"Периферия: пороги специальных ролей не достигнуты; in=1, out=1, depth=2."
994,peripheral,0.35,52,0.375664,"Периферия: пороги специальных ролей не достигнуты; in=1, out=1, depth=2."
995,peripheral,0.35,53,0.37194,"Периферия: пороги специальных ролей не достигнуты; in=1, out=1, depth=2."
996,peripheral,0.35,54,0.379782,"Периферия: пороги специальных ролей не достигнуты; in=1, out=1, depth=2."
997,peripheral,0.35,55,0.374577,"Периферия: пороги специальных ролей не достигнуты; in=1, out=1, depth=2."
998,peripheral,0.35,56,0.382049,"Периферия: пороги специальных ролей не достигнуты; in=1, out=1, depth=2."
999,peripheral,0.35,57,0.376518,"Периферия: пороги специальных ролей не достигнуты; in=1, out=1, depth=2."
1000,peripheral,0.35,60,0.365346,"Периферия: пороги специальных ролей не достигнуты; in=1, out=2, depth=2."
1001,peripheral,0.35,61,0.443013,"Периферия: пороги специальных ролей не достигнуты; in=1, out=2, depth=2."
1002,peripheral,0.35,64,0.388316,"Периферия: пороги специальных ролей не достигнуты; in=1, out=2, depth=2."
1003,peripheral,0.35,65,0.436708,"Периферия: пороги специальных ролей не достигнуты; in=1, out=1, depth=2."
1004,peripheral,0.35,68,0.425423,"Периферия: пороги специальных ролей не достигнуты; in=1, out=2, depth=2."
1005,peripheral,0.35,70,0.454274,"Периферия: пороги специальных ролей не достигнуты; in=1, out=2, depth=2."
1006,peripheral,0.35,74,0.412603,"Периферия: пороги специальных ролей не достигнуты; in=1, out=2, depth=2."
1007,peripheral,0.35,76,0.442165,"Периферия: пороги специальных ролей не достигнуты; in=1, out=1, depth=2."
1008,terminal,0.9625,75,0.634516,"Гипотеза терминального поведения: depth=2, in=1, out=0, удержание наблюдаемого входа 100%; узел не на границе depth=4."
1009,peripheral,0.35,78,0.466854,"Периферия: пороги специальных ролей не достигнуты; in=1, out=2, depth=2."
1010,peripheral,0.35,81,0.43444,"Периферия: пороги специальных ролей не достигнуты; in=1, out=1, depth=2."
1011,peripheral,0.35,83,0.426899,"Периферия: пороги специальных ролей не достигнуты; in=1, out=1, depth=2."
1012,terminal,0.975,84,0.720604,"Гипотеза терминального поведения: depth=2, in=1, out=0, удержание наблюдаемого входа 100%; узел не на границе depth=4."
1013,terminal,0.95,85,0.693335,"Гипотеза терминального поведения: depth=2, in=1, out=0, удержание наблюдаемого входа 100%; узел не на границе depth=4."
1014,terminal,0.95,86,0.693469,"Гипотеза терминального поведения: depth=2, in=1, out=0, удержание наблюдаемого входа 100%; узел не на границе depth=4."
1015,terminal,0.95,87,0.693558,"Гипотеза терминального поведения: depth=2, in=1, out=0, удержание наблюдаемого входа 100%; узел не на границе depth=4."
1016,peripheral,0.35,0,0.3059,"Периферия: пороги специальных ролей не достигнуты; in=1, out=1, depth=3."
1017,peripheral,0.35,28,0.345303,"Периферия: пороги специальных ролей не достигнуты; in=2, out=1, depth=3."
1018,peripheral,0.35,28,0.270844,"Периферия: пороги специальных ролей не достигнуты; in=1, out=1, depth=3."
1019,peripheral,0.35,28,0.249405,"Периферия: пороги специальных ролей не достигнуты; in=1, out=2, depth=3."
1020,peripheral,0.35,28,0.321037,"Периферия: пороги специальных ролей не достигнуты; in=1, out=1, depth=3."
1021,peripheral,0.35,11,0.278851,"Периферия: пороги специальных ролей не достигнуты; in=1, out=1, depth=3."
1022,peripheral,0.35,28,0.310953,"Периферия: пороги специальных ролей не достигнуты; in=2, out=1, depth=3."
1023,peripheral,0.35,17,0.41902,"Периферия: пороги специальных ролей не достигнуты; in=2, out=1, depth=3."
1024,peripheral,0.35,1,0.285842,"Периферия: пороги специальных ролей не достигнуты; in=1, out=1, depth=3."
1025,peripheral,0.35,1,0.300085,"Периферия: пороги специальных ролей не достигнуты; in=1, out=1, depth=3."
1026,peripheral,0.35,5,0.270006,"Периферия: пороги специальных ролей не достигнуты; in=1, out=1, depth=3."
1027,peripheral,0.35,0,0.399057,"Периферия: пороги специальных ролей не достигнуты; in=2, out=1, depth=3."
1028,peripheral,0.35,21,0.264575,"Периферия: пороги специальных ролей не достигнуты; in=1, out=2, depth=3."
1029,peripheral,0.35,6,0.301641,"Периферия: пороги специальных ролей не достигнуты; in=1, out=1, depth=3."
1030,peripheral,0.35,7,0.261688,"Периферия: пороги специальных ролей не достигнуты; in=1, out=1, depth=3."
1031,peripheral,0.35,21,0.342462,"Периферия: пороги специальных ролей не достигнуты; in=1, out=1, depth=3."
1032,peripheral,0.35,1,0.278234,"Периферия: пороги специальных ролей не достигнуты; in=1, out=2, depth=3."
1033,peripheral,0.35,23,0.417669,"Периферия: пороги специальных ролей не достигнуты; in=2, out=1, depth=3."
1034,peripheral,0.35,2,0.263519,"Периферия: пороги специальных ролей не достигнуты; in=1, out=1, depth=3."
1035,peripheral,0.35,6,0.399315,"Периферия: пороги специальных ролей не достигнуты; in=2, out=1, depth=3."
1036,peripheral,0.35,1,0.264886,"Периферия: пороги специальных ролей не достигнуты; in=1, out=1, depth=3."
1037,peripheral,0.35,23,0.312451,"Периферия: пороги специальных ролей не достигнуты; in=1, out=2, depth=3."
1038,peripheral,0.35,4,0.266443,"Периферия: пороги специальных ролей не достигнуты; in=1, out=1, depth=3."
1039,peripheral,0.35,22,0.307502,"Периферия: пороги специальных ролей не достигнуты; in=1, out=1, depth=3."
1040,peripheral,0.35,4,0.352401,"Периферия: пороги специальных ролей не достигнуты; in=2, out=1, depth=3."
1041,peripheral,0.35,8,0.300296,"Периферия: пороги специальных ролей не достигнуты; in=1, out=1, depth=3."
1042,peripheral,0.35,8,0.329961,"Периферия: пороги специальных ролей не достигнуты; in=2, out=1, depth=3."
1043,peripheral,0.35,8,0.310794,"Периферия: пороги специальных ролей не достигнуты; in=1, out=1, depth=3."
1044,peripheral,0.35,8,0.271262,"Периферия: пороги специальных ролей не достигнуты; in=1, out=1, depth=3."
1045,peripheral,0.35,20,0.30252,"Периферия: пороги специальных ролей не достигнуты; in=1, out=1, depth=3."
1046,peripheral,0.35,7,0.272429,"Периферия: пороги специальных ролей не достигнуты; in=1, out=1, depth=3."
1047,peripheral,0.35,18,0.4069,"Периферия: пороги специальных ролей не достигнуты; in=2, out=1, depth=3."
1048,peripheral,0.35,1,0.264041,"Периферия: пороги специальных ролей не достигнуты; in=1, out=1, depth=3."
1049,peripheral,0.35,1,0.314809,"Периферия: пороги специальных ролей не достигнуты; in=1, out=2, depth=3."
1050,peripheral,0.35,1,0.273801,"Периферия: пороги специальных ролей не достигнуты; in=1, out=1, depth=3."
1051,peripheral,0.35,3,0.313399,"Периферия: пороги специальных ролей не достигнуты; in=1, out=1, depth=3."
1052,peripheral,0.35,2,0.308088,"Периферия: пороги специальных ролей не достигнуты; in=1, out=1, depth=3."
1053,peripheral,0.35,16,0.323472,"Периферия: пороги специальных ролей не достигнуты; in=1, out=1, depth=3."
1054,peripheral,0.35,3,0.26588,"Периферия: пороги специальных ролей не достигнуты; in=1, out=1, depth=3."
1055,peripheral,0.35,5,0.336787,"Периферия: пороги специальных ролей не достигнуты; in=1, out=1, depth=3."
1056,peripheral,0.35,11,0.325672,"Периферия: пороги специальных ролей не достигнуты; in=1, out=1, depth=3."
1057,peripheral,0.35,5,0.320358,"Периферия: пороги специальных ролей не достигнуты; in=1, out=1, depth=3."
1058,peripheral,0.35,5,0.366634,"Периферия: пороги специальных ролей не достигнуты; in=2, out=1, depth=3."
1059,peripheral,0.35,1,0.406712,"Периферия: пороги специальных ролей не достигнуты; in=1, out=1, depth=3."
1060,peripheral,0.35,1,0.275523,"Периферия: пороги специальных ролей не достигнуты; in=1, out=1, depth=3."
1061,peripheral,0.35,1,0.422575,"Периферия: пороги специальных ролей не достигнуты; in=2, out=1, depth=3."
1062,peripheral,0.35,1,0.277539,"Периферия: пороги специальных ролей не достигнуты; in=1, out=1, depth=3."
1063,peripheral,0.35,2,0.339736,"Периферия: пороги специальных ролей не достигнуты; in=1, out=1, depth=3."
1064,peripheral,0.35,2,0.270494,"Периферия: пороги специальных ролей не достигнуты; in=1, out=1, depth=3."
1065,peripheral,0.35,3,0.340127,"Периферия: пороги специальных ролей не достигнуты; in=1, out=1, depth=3."
1066,peripheral,0.35,6,0.391739,"Периферия: пороги специальных ролей не достигнуты; in=2, out=1, depth=3."
1067,peripheral,0.35,1,0.340874,"Периферия: пороги специальных ролей не достигнуты; in=1, out=1, depth=3."
1068,peripheral,0.35,1,0.279253,"Периферия: пороги специальных ролей не достигнуты; in=1, out=1, depth=3."
1069,peripheral,0.35,1,0.310796,"Периферия: пороги специальных ролей не достигнуты; in=1, out=1, depth=3."
1070,peripheral,0.35,1,0.279085,"Периферия: пороги специальных ролей не достигнуты; in=1, out=1, depth=3."
1071,peripheral,0.35,1,0.311063,"Периферия: пороги специальных ролей не достигнуты; in=1, out=1, depth=3."
1072,peripheral,0.35,1,0.279449,"Периферия: пороги специальных ролей не достигнуты; in=1, out=1, depth=3."
1073,peripheral,0.35,9,0.341869,"Периферия: пороги специальных ролей не достигнуты; in=1, out=1, depth=3."
1074,peripheral,0.35,9,0.275943,"Периферия: пороги специальных ролей не достигнуты; in=1, out=1, depth=3."
1075,peripheral,0.35,7,0.320141,"Периферия: пороги специальных ролей не достигнуты; in=1, out=1, depth=3."
1076,peripheral,0.35,7,0.274584,"Периферия: пороги специальных ролей не достигнуты; in=1, out=1, depth=3."
1077,peripheral,0.35,10,0.318028,"Периферия: пороги специальных ролей не достигнуты; in=1, out=1, depth=3."
1078,peripheral,0.35,10,0.336867,"Периферия: пороги специальных ролей не достигнуты; in=2, out=1, depth=3."
1079,peripheral,0.35,10,0.32015,"Периферия: пороги специальных ролей не достигнуты; in=1, out=1, depth=3."
1080,peripheral,0.35,10,0.353125,"Периферия: пороги специальных ролей не достигнуты; in=2, out=1, depth=3."
1081,peripheral,0.35,0,0.320976,"Периферия: пороги специальных ролей не достигнуты; in=1, out=1, depth=3."
1082,peripheral,0.35,0,0.277825,"Периферия: пороги специальных ролей не достигнуты; in=1, out=1, depth=3."
1083,peripheral,0.35,0,0.321695,"Периферия: пороги специальных ролей не достигнуты; in=1, out=1, depth=3."
1084,peripheral,0.35,0,0.278109,"Периферия: пороги специальных ролей не достигнуты; in=1, out=1, depth=3."
1085,peripheral,0.35,11,0.330992,"Периферия: пороги специальных ролей не достигнуты; in=1, out=2, depth=3."
1086,peripheral,0.35,11,0.277985,"Периферия: пороги специальных ролей не достигнуты; in=1, out=1, depth=3."
1087,peripheral,0.35,11,0.321634,"Периферия: пороги специальных ролей не достигнуты; in=1, out=1, depth=3."
1088,peripheral,0.35,11,0.28166,"Периферия: пороги специальных ролей не достигнуты; in=1, out=2, depth=3."
1089,peripheral,0.35,0,0.316484,"Периферия: пороги специальных ролей не достигнуты; in=2, out=1, depth=3."
1090,peripheral,0.35,0,0.277739,"Периферия: пороги специальных ролей не достигнуты; in=1, out=1, depth=3."
1091,peripheral,0.35,0,0.44152,"Периферия: пороги специальных ролей не достигнуты; in=2, out=1, depth=3."
1092,peripheral,0.35,0,0.266551,"Периферия: пороги специальных ролей не достигнуты; in=1, out=1, depth=3."
1093,peripheral,0.35,0,0.320132,"Периферия: пороги специальных ролей не достигнуты; in=1, out=1, depth=3."
1094,peripheral,0.35,0,0.276271,"Периферия: пороги специальных ролей не достигнуты; in=1, out=1, depth=3."
1095,peripheral,0.35,0,0.320399,"Периферия: пороги специальных ролей не достигнуты; in=1, out=1, depth=3."
1096,peripheral,0.35,23,0.273932,"Периферия: пороги специальных ролей не достигнуты; in=1, out=2, depth=3."
1097,peripheral,0.35,0,0.370318,"Периферия: пороги специальных ролей не достигнуты; in=1, out=1, depth=3."
1098,peripheral,0.35,0,0.272979,"Периферия: пороги специальных ролей не достигнуты; in=1, out=1, depth=3."
1099,peripheral,0.35,0,0.403023,"Периферия: пороги специальных ролей не достигнуты; in=1, out=1, depth=3."
1100,peripheral,0.35,0,0.286286,"Периферия: пороги специальных ролей не достигнуты; in=1, out=2, depth=3."
1101,peripheral,0.35,0,0.320221,"Периферия: пороги специальных ролей не достигнуты; in=1, out=1, depth=3."
1102,peripheral,0.35,0,0.266796,"Периферия: пороги специальных ролей не достигнуты; in=1, out=1, depth=3."
1103,peripheral,0.35,18,0.403507,"Периферия: пороги специальных ролей не достигнуты; in=2, out=1, depth=3."
1104,peripheral,0.35,0,0.28722,"Периферия: пороги специальных ролей не достигнуты; in=1, out=2, depth=3."
1105,peripheral,0.35,0,0.321652,"Периферия: пороги специальных ролей не достигнуты; in=1, out=1, depth=3."
1106,peripheral,0.35,20,0.348658,"Периферия: пороги специальных ролей не достигнуты; in=2, out=1, depth=3."
1107,peripheral,0.35,0,0.322504,"Периферия: пороги специальных ролей не достигнуты; in=1, out=1, depth=3."
1108,peripheral,0.35,0,0.278456,"Периферия: пороги специальных ролей не достигнуты; in=1, out=1, depth=3."
1109,peripheral,0.35,0,0.323241,"Периферия: пороги специальных ролей не достигнуты; in=1, out=1, depth=3."
1110,peripheral,0.35,12,0.392514,"Периферия: пороги специальных ролей не достигнуты; in=2, out=1, depth=3."
1111,peripheral,0.35,12,0.300707,"Периферия: пороги специальных ролей не достигнуты; in=1, out=1, depth=3."
1112,peripheral,0.35,19,0.275883,"Периферия: пороги специальных ролей не достигнуты; in=1, out=1, depth=3."
1113,peripheral,0.35,12,0.321924,"Периферия: пороги специальных ролей не достигнуты; in=1, out=1, depth=3."
1114,peripheral,0.35,12,0.278641,"Периферия: пороги специальных ролей не достигнуты; in=1, out=1, depth=3."
1115,peripheral,0.35,10,0.323836,"Периферия: пороги специальных ролей не достигнуты; in=1, out=1, depth=3."
1116,peripheral,0.35,10,0.287176,"Периферия: пороги специальных ролей не достигнуты; in=1, out=2, depth=3."
1117,peripheral,0.35,0,0.312188,"Периферия: пороги специальных ролей не достигнуты; in=1, out=1, depth=3."
1118,peripheral,0.35,8,0.280871,"Периферия: пороги специальных ролей не достигнуты; in=1, out=1, depth=3."
1119,peripheral,0.35,0,0.34917,"Периферия: пороги специальных ролей не достигнуты; in=1, out=2, depth=3."
1120,peripheral,0.35,0,0.334365,"Периферия: пороги специальных ролей не достигнуты; in=1, out=1, depth=3."
1121,peripheral,0.35,0,0.325355,"Периферия: пороги специальных ролей не достигнуты; in=1, out=1, depth=3."
1122,peripheral,0.35,0,0.271352,"Периферия: пороги специальных ролей не достигнуты; in=1, out=1, depth=3."
1123,peripheral,0.35,0,0.330292,"Периферия: пороги специальных ролей не достигнуты; in=1, out=2, depth=3."
1124,peripheral,0.35,0,0.275825,"Периферия: пороги специальных ролей не достигнуты; in=1, out=1, depth=3."
1125,peripheral,0.35,3,0.299999,"Периферия: пороги специальных ролей не достигнуты; in=1, out=1, depth=3."
1126,peripheral,0.35,3,0.281029,"Периферия: пороги специальных ролей не достигнуты; in=1, out=1, depth=3."
1127,peripheral,0.35,18,0.424214,"Периферия: пороги специальных ролей не достигнуты; in=2, out=2, depth=3."
1128,peripheral,0.35,0,0.329008,"Периферия: пороги специальных ролей не достигнуты; in=1, out=1, depth=3."
1129,peripheral,0.35,4,0.325444,"Периферия: пороги специальных ролей не достигнуты; in=1, out=1, depth=3."
1130,peripheral,0.35,4,0.274712,"Периферия: пороги специальных ролей не достигнуты; in=1, out=1, depth=3."
1131,peripheral,0.35,18,0.355517,"Периферия: пороги специальных ролей не достигнуты; in=1, out=1, depth=3."
1132,peripheral,0.35,15,0.330123,"Периферия: пороги специальных ролей не достигнуты; in=1, out=1, depth=3."
1133,peripheral,0.35,6,0.32161,"Периферия: пороги специальных ролей не достигнуты; in=1, out=1, depth=3."
1134,peripheral,0.35,6,0.28511,"Периферия: пороги специальных ролей не достигнуты; in=1, out=1, depth=3."
1135,peripheral,0.35,7,0.308286,"Периферия: пороги специальных ролей не достигнуты; in=1, out=1, depth=3."
1136,peripheral,0.35,7,0.273233,"Периферия: пороги специальных ролей не достигнуты; in=1, out=1, depth=3."
1137,peripheral,0.35,13,0.44589,"Периферия: пороги специальных ролей не достигнуты; in=2, out=1, depth=3."
1138,peripheral,0.35,13,0.273188,"Периферия: пороги специальных ролей не достигнуты; in=1, out=1, depth=3."
1139,peripheral,0.35,13,0.320519,"Периферия: пороги специальных ролей не достигнуты; in=1, out=1, depth=3."
1140,peripheral,0.35,13,0.261109,"Периферия: пороги специальных ролей не достигнуты; in=1, out=1, depth=3."
1141,peripheral,0.35,13,0.319219,"Периферия: пороги специальных ролей не достигнуты; in=1, out=1, depth=3."
1142,peripheral,0.35,13,0.278215,"Периферия: пороги специальных ролей не достигнуты; in=1, out=1, depth=3."
1143,peripheral,0.35,4,0.359909,"Периферия: пороги специальных ролей не достигнуты; in=1, out=1, depth=3."
1144,peripheral,0.35,4,0.279594,"Периферия: пороги специальных ролей не достигнуты; in=1, out=1, depth=3."
1145,peripheral,0.35,14,0.313561,"Периферия: пороги специальных ролей не достигнуты; in=1, out=1, depth=3."
1146,peripheral,0.35,14,0.275813,"Периферия: пороги специальных ролей не достигнуты; in=1, out=1, depth=3."
1147,peripheral,0.35,14,0.373507,"Периферия: пороги специальных ролей не достигнуты; in=2, out=1, depth=3."
1148,peripheral,0.35,14,0.286475,"Периферия: пороги специальных ролей не достигнуты; in=1, out=1, depth=3."
1149,peripheral,0.35,14,0.396343,"Периферия: пороги специальных ролей не достигнуты; in=1, out=1, depth=3."
1150,peripheral,0.35,14,0.275621,"Периферия: пороги специальных ролей не достигнуты; in=1, out=1, depth=3."
1151,peripheral,0.35,15,0.323108,"Периферия: пороги специальных ролей не достигнуты; in=1, out=1, depth=3."
1152,peripheral,0.35,15,0.27878,"Периферия: пороги специальных ролей не достигнуты; in=1, out=1, depth=3."
1153,peripheral,0.35,2,0.330209,"Периферия: пороги специальных ролей не достигнуты; in=1, out=2, depth=3."
1154,peripheral,0.35,2,0.368491,"Периферия: пороги специальных ролей не достигнуты; in=2, out=1, depth=3."
1155,peripheral,0.35,9,0.322385,"Периферия: пороги специальных ролей не достигнуты; in=1, out=2, depth=3."
1156,peripheral,0.35,9,0.332969,"Периферия: пороги специальных ролей не достигнуты; in=1, out=1, depth=3."
1157,peripheral,0.35,9,0.323441,"Периферия: пороги специальных ролей не достигнуты; in=1, out=1, depth=3."
1158,peripheral,0.35,9,0.280737,"Периферия: пороги специальных ролей не достигнуты; in=1, out=1, depth=3."
1159,peripheral,0.35,9,0.403327,"Периферия: пороги специальных ролей не достигнуты; in=2, out=1, depth=3."
1160,peripheral,0.35,9,0.280636,"Периферия: пороги специальных ролей не достигнуты; in=1, out=1, depth=3."
1161,peripheral,0.35,16,0.310716,"Периферия: пороги специальных ролей не достигнуты; in=1, out=1, depth=3."
1162,peripheral,0.35,16,0.321241,"Периферия: пороги специальных ролей не достигнуты; in=1, out=2, depth=3."
1163,peripheral,0.35,6,0.320883,"Периферия: пороги специальных ролей не достигнуты; in=1, out=1, depth=3."
1164,peripheral,0.35,6,0.289121,"Периферия: пороги специальных ролей не достигнуты; in=1, out=1, depth=3."
1165,peripheral,0.35,7,0.325331,"Периферия: пороги специальных ролей не достигнуты; in=1, out=1, depth=3."
1166,peripheral,0.35,7,0.278312,"Периферия: пороги специальных ролей не достигнуты; in=1, out=1, depth=3."
1167,peripheral,0.35,17,0.326088,"Периферия: пороги специальных ролей не достигнуты; in=1, out=1, depth=3."
1168,peripheral,0.35,3,0.361176,"Периферия: пороги специальных ролей не достигнуты; in=2, out=1, depth=3."
1169,peripheral,0.35,17,0.417411,"Периферия: пороги специальных ролей не достигнуты; in=2, out=1, depth=3."
1170,peripheral,0.35,17,0.324182,"Периферия: пороги специальных ролей не достигнуты; in=1, out=2, depth=3."
1171,peripheral,0.35,17,0.377829,"Периферия: пороги специальных ролей не достигнуты; in=2, out=1, depth=3."
1172,peripheral,0.35,17,0.286824,"Периферия: пороги специальных ролей не достигнуты; in=1, out=1, depth=3."
1173,peripheral,0.35,15,0.325614,"Периферия: пороги специальных ролей не достигнуты; in=1, out=1, depth=3."
1174,peripheral,0.35,15,0.282153,"Периферия: пороги специальных ролей не достигнуты; in=1, out=1, depth=3."
1175,peripheral,0.35,15,0.38078,"Периферия: пороги специальных ролей не достигнуты; in=1, out=1, depth=3."
1176,peripheral,0.35,15,0.280817,"Периферия: пороги специальных ролей не достигнуты; in=1, out=1, depth=3."
1177,peripheral,0.35,18,0.311597,"Периферия: пороги специальных ролей не достигнуты; in=1, out=1, depth=3."
1178,peripheral,0.35,18,0.389538,"Периферия: пороги специальных ролей не достигнуты; in=3, out=1, depth=3."
1179,peripheral,0.35,11,0.325626,"Периферия: пороги специальных ролей не достигнуты; in=1, out=1, depth=3."
1180,peripheral,0.35,11,0.311509,"Периферия: пороги специальных ролей не достигнуты; in=1, out=2, depth=3."
1181,peripheral,0.35,11,0.316952,"Периферия: пороги специальных ролей не достигнуты; in=1, out=1, depth=3."
1182,peripheral,0.35,11,0.340054,"Периферия: пороги специальных ролей не достигнуты; in=2, out=1, depth=3."
1183,peripheral,0.35,2,0.402096,"Периферия: пороги специальных ролей не достигнуты; in=2, out=1, depth=3."
1184,peripheral,0.35,2,0.285457,"Периферия: пороги специальных ролей не достигнуты; in=1, out=1, depth=3."
1185,peripheral,0.35,3,0.317797,"Периферия: пороги специальных ролей не достигнуты; in=1, out=1, depth=3."
1186,peripheral,0.35,3,0.289639,"Периферия: пороги специальных ролей не достигнуты; in=1, out=1, depth=3."
1187,peripheral,0.35,19,0.373757,"Периферия: пороги специальных ролей не достигнуты; in=1, out=1, depth=3."
1188,peripheral,0.35,19,0.338346,"Периферия: пороги специальных ролей не достигнуты; in=2, out=1, depth=3."
1189,peripheral,0.35,5,0.343775,"Периферия: пороги специальных ролей не достигнуты; in=1, out=1, depth=3."
1190,peripheral,0.35,5,0.25007,"Периферия: пороги специальных ролей не достигнуты; in=1, out=1, depth=3."
1191,peripheral,0.35,13,0.311152,"Периферия: пороги специальных ролей не достигнуты; in=1, out=1, depth=3."
1192,peripheral,0.35,5,0.282833,"Периферия: пороги специальных ролей не достигнуты; in=1, out=1, depth=3."
1193,peripheral,0.35,17,0.326918,"Периферия: пороги специальных ролей не достигнуты; in=1, out=2, depth=3."
1194,peripheral,0.35,27,0.311259,"Периферия: пороги специальных ролей не достигнуты; in=1, out=1, depth=3."
1195,peripheral,0.35,7,0.330697,"Периферия: пороги специальных ролей не достигнуты; in=1, out=1, depth=3."
1196,peripheral,0.35,7,0.283322,"Периферия: пороги специальных ролей не достигнуты; in=1, out=1, depth=3."
1197,peripheral,0.35,20,0.330564,"Периферия: пороги специальных ролей не достигнуты; in=1, out=1, depth=3."
1198,peripheral,0.35,20,0.28877,"Периферия: пороги специальных ролей не достигнуты; in=1, out=1, depth=3."
1199,peripheral,0.35,20,0.304887,"Периферия: пороги специальных ролей не достигнуты; in=1, out=1, depth=3."
1200,peripheral,0.35,20,0.286368,"Периферия: пороги специальных ролей не достигнуты; in=1, out=1, depth=3."
1201,peripheral,0.35,21,0.293042,"Периферия: пороги специальных ролей не достигнуты; in=1, out=1, depth=3."
1202,peripheral,0.35,21,0.293351,"Периферия: пороги специальных ролей не достигнуты; in=1, out=1, depth=3."
1203,peripheral,0.35,21,0.392888,"Периферия: пороги специальных ролей не достигнуты; in=2, out=2, depth=3."
1204,peripheral,0.35,21,0.288236,"Периферия: пороги специальных ролей не достигнуты; in=1, out=1, depth=3."
1205,peripheral,0.35,21,0.328627,"Периферия: пороги специальных ролей не достигнуты; in=1, out=1, depth=3."
1206,peripheral,0.35,21,0.339527,"Периферия: пороги специальных ролей не достигнуты; in=1, out=2, depth=3."
1207,peripheral,0.35,8,0.382149,"Периферия: пороги специальных ролей не достигнуты; in=2, out=1, depth=3."
1208,peripheral,0.35,8,0.286234,"Периферия: пороги специальных ролей не достигнуты; in=1, out=1, depth=3."
1209,peripheral,0.35,22,0.382362,"Периферия: пороги специальных ролей не достигнуты; in=1, out=1, depth=3."
1210,peripheral,0.35,22,0.286634,"Периферия: пороги специальных ролей не достигнуты; in=1, out=1, depth=3."
1211,peripheral,0.35,22,0.312702,"Периферия: пороги специальных ролей не достигнуты; in=1, out=1, depth=3."
1212,peripheral,0.35,22,0.327596,"Периферия: пороги специальных ролей не достигнуты; in=1, out=1, depth=3."
1213,peripheral,0.35,2,0.329339,"Периферия: пороги специальных ролей не достигнуты; in=1, out=1, depth=3."
1214,peripheral,0.35,2,0.286545,"Периферия: пороги специальных ролей не достигнуты; in=1, out=1, depth=3."
1215,peripheral,0.35,3,0.333876,"Периферия: пороги специальных ролей не достигнуты; in=1, out=1, depth=3."
1216,peripheral,0.35,4,0.462936,"Периферия: пороги специальных ролей не достигнуты; in=1, out=1, depth=3."
1217,peripheral,0.35,4,0.411749,"Периферия: пороги специальных ролей не достигнуты; in=1, out=1, depth=3."
1218,peripheral,0.35,1,0.370988,"Периферия: пороги специальных ролей не достигнуты; in=2, out=1, depth=3."
1219,peripheral,0.35,23,0.442058,"Периферия: пороги специальных ролей не достигнуты; in=3, out=1, depth=3."
1220,peripheral,0.35,23,0.288458,"Периферия: пороги специальных ролей не достигнуты; in=1, out=1, depth=3."
1221,peripheral,0.35,5,0.370528,"Периферия: пороги специальных ролей не достигнуты; in=2, out=1, depth=3."
1222,peripheral,0.35,3,0.326452,"Периферия: пороги специальных ролей не достигнуты; in=1, out=1, depth=3."
1223,peripheral,0.35,6,0.332186,"Периферия: пороги специальных ролей не достигнуты; in=1, out=1, depth=3."
1224,peripheral,0.35,6,0.288666,"Периферия: пороги специальных ролей не достигнуты; in=1, out=1, depth=3."
1225,peripheral,0.35,7,0.336798,"Периферия: пороги специальных ролей не достигнуты; in=1, out=1, depth=3."
1226,peripheral,0.35,7,0.318498,"Периферия: пороги специальных ролей не достигнуты; in=1, out=2, depth=3."
1227,peripheral,0.35,8,0.442399,"Периферия: пороги специальных ролей не достигнуты; in=2, out=1, depth=3."
1228,peripheral,0.35,8,0.339353,"Периферия: пороги специальных ролей не достигнуты; in=2, out=1, depth=3."
1229,peripheral,0.35,8,0.340199,"Периферия: пороги специальных ролей не достигнуты; in=1, out=2, depth=3."
1230,peripheral,0.35,8,0.324103,"Периферия: пороги специальных ролей не достигнуты; in=1, out=2, depth=3."
1231,peripheral,0.35,14,0.445347,"Периферия: пороги специальных ролей не достигнуты; in=2, out=1, depth=3."
1232,peripheral,0.35,14,0.290801,"Периферия: пороги специальных ролей не достигнуты; in=1, out=1, depth=3."
1233,peripheral,0.35,14,0.331638,"Периферия: пороги специальных ролей не достигнуты; in=1, out=1, depth=3."
1234,peripheral,0.35,14,0.29952,"Периферия: пороги специальных ролей не достигнуты; in=1, out=1, depth=3."
1235,peripheral,0.35,14,0.336397,"Периферия: пороги специальных ролей не достигнуты; in=1, out=1, depth=3."
1236,peripheral,0.35,14,0.222937,"Периферия: пороги специальных ролей не достигнуты; in=1, out=1, depth=3."
1237,peripheral,0.35,24,0.315935,"Периферия: пороги специальных ролей не достигнуты; in=1, out=1, depth=3."
1238,peripheral,0.35,11,0.348139,"Периферия: пороги специальных ролей не достигнуты; in=2, out=1, depth=3."
1239,peripheral,0.35,24,0.337287,"Периферия: пороги специальных ролей не достигнуты; in=1, out=1, depth=3."
1240,peripheral,0.35,24,0.289823,"Периферия: пороги специальных ролей не достигнуты; in=1, out=1, depth=3."
1241,peripheral,0.35,24,0.337198,"Периферия: пороги специальных ролей не достигнуты; in=1, out=1, depth=3."
1242,peripheral,0.35,24,0.292912,"Периферия: пороги специальных ролей не достигнуты; in=1, out=1, depth=3."
1243,peripheral,0.35,2,0.337154,"Периферия: пороги специальных ролей не достигнуты; in=1, out=1, depth=3."
1244,peripheral,0.35,2,0.292225,"Периферия: пороги специальных ролей не достигнуты; in=1, out=1, depth=3."
1245,peripheral,0.35,3,0.324298,"Периферия: пороги специальных ролей не достигнуты; in=1, out=1, depth=3."
1246,peripheral,0.35,3,0.33374,"Периферия: пороги специальных ролей не достигнуты; in=1, out=1, depth=3."
1247,peripheral,0.35,9,0.401721,"Периферия: пороги специальных ролей не достигнуты; in=1, out=1, depth=3."
1248,peripheral,0.35,9,0.289667,"Периферия: пороги специальных ролей не достигнуты; in=1, out=1, depth=3."
1249,peripheral,0.35,9,0.337332,"Периферия: пороги специальных ролей не достигнуты; in=1, out=1, depth=3."
1250,peripheral,0.35,9,0.289956,"Периферия: пороги специальных ролей не достигнуты; in=1, out=1, depth=3."
1251,peripheral,0.35,5,0.337376,"Периферия: пороги специальных ролей не достигнуты; in=1, out=1, depth=3."
1252,peripheral,0.35,5,0.290045,"Периферия: пороги специальных ролей не достигнуты; in=1, out=1, depth=3."
1253,peripheral,0.35,6,0.337554,"Периферия: пороги специальных ролей не достигнуты; in=1, out=1, depth=3."
1254,peripheral,0.35,6,0.330272,"Периферия: пороги специальных ролей не достигнуты; in=1, out=2, depth=3."
1255,peripheral,0.35,7,0.340999,"Периферия: пороги специальных ролей не достигнуты; in=1, out=1, depth=3."
1256,peripheral,0.35,7,0.344891,"Периферия: пороги специальных ролей не достигнуты; in=1, out=3, depth=3."
1257,peripheral,0.35,9,0.397031,"Периферия: пороги специальных ролей не достигнуты; in=2, out=1, depth=3."
1258,peripheral,0.35,9,0.32881,"Периферия: пороги специальных ролей не достигнуты; in=1, out=1, depth=3."
1259,peripheral,0.35,25,0.338553,"Периферия: пороги специальных ролей не достигнуты; in=1, out=1, depth=3."
1260,peripheral,0.35,25,0.319235,"Периферия: пороги специальных ролей не достигнуты; in=1, out=2, depth=3."
1261,peripheral,0.35,25,0.340421,"Периферия: пороги специальных ролей не достигнуты; in=1, out=1, depth=3."
1262,peripheral,0.35,25,0.292957,"Периферия: пороги специальных ролей не достигнуты; in=1, out=1, depth=3."
1263,peripheral,0.35,4,0.340822,"Периферия: пороги специальных ролей не достигнуты; in=1, out=1, depth=3."
1264,peripheral,0.35,4,0.295759,"Периферия: пороги специальных ролей не достигнуты; in=1, out=1, depth=3."
1265,peripheral,0.35,26,0.395181,"Периферия: пороги специальных ролей не достигнуты; in=1, out=1, depth=3."
1266,peripheral,0.35,26,0.291644,"Периферия: пороги специальных ролей не достигнуты; in=1, out=1, depth=3."
1267,peripheral,0.35,26,0.342854,"Периферия: пороги специальных ролей не достигнуты; in=1, out=1, depth=3."
1268,peripheral,0.35,26,0.297939,"Периферия: пороги специальных ролей не достигнуты; in=1, out=1, depth=3."
1269,peripheral,0.35,7,0.337485,"Периферия: пороги специальных ролей не достигнуты; in=1, out=1, depth=3."
1270,peripheral,0.35,7,0.298873,"Периферия: пороги специальных ролей не достигнуты; in=1, out=1, depth=3."
1271,peripheral,0.35,9,0.397597,"Периферия: пороги специальных ролей не достигнуты; in=2, out=1, depth=3."
1272,peripheral,0.35,7,0.300875,"Периферия: пороги специальных ролей не достигнуты; in=1, out=1, depth=3."
1273,peripheral,0.35,2,0.313466,"Периферия: пороги специальных ролей не достигнуты; in=1, out=1, depth=3."
1274,peripheral,0.35,2,0.296057,"Периферия: пороги специальных ролей не достигнуты; in=1, out=1, depth=3."
1275,peripheral,0.35,11,0.394831,"Периферия: пороги специальных ролей не достигнуты; in=1, out=1, depth=3."
1276,peripheral,0.35,3,0.29358,"Периферия: пороги специальных ролей не достигнуты; in=1, out=1, depth=3."
1277,peripheral,0.35,23,0.256701,"Периферия: пороги специальных ролей не достигнуты; in=1, out=1, depth=3."
1278,peripheral,0.35,23,0.352593,"Периферия: пороги специальных ролей не достигнуты; in=2, out=1, depth=3."
1279,peripheral,0.35,23,0.311245,"Периферия: пороги специальных ролей не достигнуты; in=1, out=1, depth=3."
1280,peripheral,0.35,23,0.297517,"Периферия: пороги специальных ролей не достигнуты; in=1, out=2, depth=3."
1281,peripheral,0.35,23,0.372362,"Периферия: пороги специальных ролей не достигнуты; in=2, out=1, depth=3."
1282,peripheral,0.35,23,0.346351,"Периферия: пороги специальных ролей не достигнуты; in=2, out=1, depth=3."
1283,peripheral,0.35,27,0.3414,"Периферия: пороги специальных ролей не достигнуты; in=1, out=1, depth=3."
1284,peripheral,0.35,27,0.293846,"Периферия: пороги специальных ролей не достигнуты; in=1, out=1, depth=3."
1285,peripheral,0.35,27,0.343558,"Периферия: пороги специальных ролей не достигнуты; in=1, out=1, depth=3."
1286,peripheral,0.35,27,0.293757,"Периферия: пороги специальных ролей не достигнуты; in=1, out=1, depth=3."
1287,peripheral,0.35,27,0.373644,"Периферия: пороги специальных ролей не достигнуты; in=2, out=2, depth=3."
1288,peripheral,0.35,27,0.298548,"Периферия: пороги специальных ролей не достигнуты; in=1, out=1, depth=3."
1289,peripheral,0.35,21,0.311494,"Периферия: пороги специальных ролей не достигнуты; in=1, out=1, depth=3."
1290,peripheral,0.35,21,0.296324,"Периферия: пороги специальных ролей не достигнуты; in=1, out=1, depth=3."
1291,peripheral,0.35,17,0.343921,"Периферия: пороги специальных ролей не достигнуты; in=1, out=1, depth=3."
1292,peripheral,0.35,17,0.268092,"Периферия: пороги специальных ролей не достигнуты; in=1, out=1, depth=3."
1293,peripheral,0.35,4,0.340407,"Периферия: пороги специальных ролей не достигнуты; in=1, out=1, depth=3."
1294,peripheral,0.35,6,0.270996,"Периферия: пороги специальных ролей не достигнуты; in=1, out=1, depth=3."
1295,peripheral,0.35,16,0.293664,"Периферия: пороги специальных ролей не достигнуты; in=1, out=1, depth=3."
1296,peripheral,0.35,16,0.270236,"Периферия: пороги специальных ролей не достигнуты; in=1, out=1, depth=3."
1297,peripheral,0.35,16,0.345014,"Периферия: пороги специальных ролей не достигнуты; in=1, out=1, depth=3."
1298,peripheral,0.35,16,0.297505,"Периферия: пороги специальных ролей не достигнуты; in=1, out=1, depth=3."
1299,peripheral,0.35,16,0.345236,"Периферия: пороги специальных ролей не достигнуты; in=1, out=1, depth=3."
1300,peripheral,0.35,16,0.299996,"Периферия: пороги специальных ролей не достигнуты; in=1, out=1, depth=3."
1301,peripheral,0.35,16,0.448841,"Периферия: пороги специальных ролей не достигнуты; in=2, out=1, depth=3."
1302,peripheral,0.35,16,0.399732,"Периферия: пороги специальных ролей не достигнуты; in=1, out=1, depth=3."
1303,peripheral,0.35,2,0.380076,"Периферия: пороги специальных ролей не достигнуты; in=1, out=1, depth=3."
1304,peripheral,0.35,2,0.35629,"Периферия: пороги специальных ролей не достигнуты; in=1, out=1, depth=3."
1305,peripheral,0.35,3,0.401935,"Периферия: пороги специальных ролей не достигнуты; in=1, out=1, depth=3."
1306,peripheral,0.35,3,0.365915,"Периферия: пороги специальных ролей не достигнуты; in=1, out=1, depth=3."
1307,peripheral,0.35,15,0.418318,"Периферия: пороги специальных ролей не достигнуты; in=1, out=2, depth=3."
1308,peripheral,0.35,15,0.378387,"Периферия: пороги специальных ролей не достигнуты; in=1, out=1, depth=3."
1309,peripheral,0.35,15,0.384573,"Периферия: пороги специальных ролей не достигнуты; in=1, out=1, depth=3."
1310,peripheral,0.35,15,0.372785,"Периферия: пороги специальных ролей не достигнуты; in=1, out=2, depth=3."
1311,peripheral,0.35,5,0.37733,"Периферия: пороги специальных ролей не достигнуты; in=1, out=1, depth=3."
1312,peripheral,0.35,2,0.355366,"Периферия: пороги специальных ролей не достигнуты; in=1, out=1, depth=3."
1313,peripheral,0.35,6,0.342142,"Периферия: пороги специальных ролей не достигнуты; in=1, out=1, depth=3."
1314,peripheral,0.35,18,0.383697,"Периферия: пороги специальных ролей не достигнуты; in=2, out=2, depth=3."
1315,peripheral,0.35,19,0.396486,"Периферия: пороги специальных ролей не достигнуты; in=1, out=1, depth=3."
1316,consolidator,0.55,28,0.803878,"Признаки консолидации: 8 уникальных плательщиков (порог ≥8), входящий поток 123,865 KZT."
1317,peripheral,0.35,27,0.408407,"Периферия: пороги специальных ролей не достигнуты; in=1, out=1, depth=3."
1318,peripheral,0.35,27,0.376486,"Периферия: пороги специальных ролей не достигнуты; in=1, out=1, depth=3."
1319,peripheral,0.35,27,0.420931,"Периферия: пороги специальных ролей не достигнуты; in=1, out=1, depth=3."
1320,peripheral,0.35,27,0.37956,"Периферия: пороги специальных ролей не достигнуты; in=1, out=1, depth=3."
1321,peripheral,0.35,27,0.384919,"Периферия: пороги специальных ролей не достигнуты; in=1, out=1, depth=3."
1322,peripheral,0.35,4,0.27383,"Периферия: пороги специальных ролей не достигнуты; in=1, out=1, depth=3."
1323,peripheral,0.35,4,0.403624,"Периферия: пороги специальных ролей не достигнуты; in=1, out=1, depth=3."
1324,peripheral,0.35,4,0.301339,"Периферия: пороги специальных ролей не достигнуты; in=1, out=1, depth=3."
1325,peripheral,0.35,15,0.419688,"Периферия: пороги специальных ролей не достигнуты; in=1, out=2, depth=3."
1326,peripheral,0.35,19,0.416028,"Периферия: пороги специальных ролей не достигнуты; in=1, out=1, depth=3."
1327,peripheral,0.35,28,0.422283,"Периферия: пороги специальных ролей не достигнуты; in=1, out=1, depth=3."
1328,peripheral,0.35,28,0.380431,"Периферия: пороги специальных ролей не достигнуты; in=1, out=1, depth=3."
1329,peripheral,0.35,8,0.350405,"Периферия: пороги специальных ролей не достигнуты; in=1, out=1, depth=3."
1330,peripheral,0.35,8,0.304942,"Периферия: пороги специальных ролей не достигнуты; in=1, out=1, depth=3."
1331,peripheral,0.35,10,0.375669,"Периферия: пороги специальных ролей не достигнуты; in=1, out=1, depth=3."
1332,peripheral,0.35,10,0.362646,"Периферия: пороги специальных ролей не достигнуты; in=1, out=1, depth=3."
1333,peripheral,0.35,10,0.345601,"Периферия: пороги специальных ролей не достигнуты; in=1, out=1, depth=3."
1334,peripheral,0.35,10,0.377757,"Периферия: пороги специальных ролей не достигнуты; in=1, out=1, depth=3."
1335,peripheral,0.35,3,0.421634,"Периферия: пороги специальных ролей не достигнуты; in=1, out=1, depth=3."
1336,peripheral,0.35,3,0.380191,"Периферия: пороги специальных ролей не достигнуты; in=1, out=1, depth=3."
1337,peripheral,0.35,16,0.422976,"Периферия: пороги специальных ролей не достигнуты; in=1, out=1, depth=3."
1338,peripheral,0.35,4,0.380689,"Периферия: пороги специальных ролей не достигнуты; in=1, out=1, depth=3."
1339,peripheral,0.35,4,0.420936,"Периферия: пороги специальных ролей не достигнуты; in=2, out=1, depth=3."
1340,peripheral,0.35,4,0.35774,"Периферия: пороги специальных ролей не достигнуты; in=1, out=1, depth=3."
1341,peripheral,0.35,5,0.404309,"Периферия: пороги специальных ролей не достигнуты; in=1, out=2, depth=3."
1342,peripheral,0.35,5,0.368138,"Периферия: пороги специальных ролей не достигнуты; in=1, out=1, depth=3."
1343,peripheral,0.35,6,0.384351,"Периферия: пороги специальных ролей не достигнуты; in=1, out=1, depth=3."
1344,peripheral,0.35,6,0.310147,"Периферия: пороги специальных ролей не достигнуты; in=1, out=1, depth=3."
1345,peripheral,0.35,8,0.454059,"Периферия: пороги специальных ролей не достигнуты; in=2, out=1, depth=3."
1346,peripheral,0.35,7,0.309435,"Периферия: пороги специальных ролей не достигнуты; in=1, out=1, depth=3."
1347,peripheral,0.35,18,0.402807,"Периферия: пороги специальных ролей не достигнуты; in=1, out=2, depth=3."
1348,peripheral,0.35,18,0.366396,"Периферия: пороги специальных ролей не достигнуты; in=1, out=1, depth=3."
1349,peripheral,0.35,18,0.349916,"Периферия: пороги специальных ролей не достигнуты; in=1, out=1, depth=3."
1350,peripheral,0.35,18,0.379401,"Периферия: пороги специальных ролей не достигнуты; in=1, out=1, depth=3."
1351,peripheral,0.35,4,0.422878,"Периферия: пороги специальных ролей не достигнуты; in=1, out=1, depth=3."
1352,peripheral,0.35,4,0.423327,"Периферия: пороги специальных ролей не достигнуты; in=2, out=1, depth=3."
1353,peripheral,0.35,4,0.354322,"Периферия: пороги специальных ролей не достигнуты; in=1, out=1, depth=3."
1354,peripheral,0.35,4,0.381124,"Периферия: пороги специальных ролей не достигнуты; in=1, out=1, depth=3."
1355,peripheral,0.35,25,0.424425,"Периферия: пороги специальных ролей не достигнуты; in=1, out=1, depth=3."
1356,peripheral,0.35,25,0.38156,"Периферия: пороги специальных ролей не достигнуты; in=1, out=1, depth=3."
1357,peripheral,0.35,25,0.424949,"Периферия: пороги специальных ролей не достигнуты; in=1, out=1, depth=3."
1358,peripheral,0.35,25,0.302585,"Периферия: пороги специальных ролей не достигнуты; in=1, out=1, depth=3."
1359,peripheral,0.35,25,0.385567,"Периферия: пороги специальных ролей не достигнуты; in=1, out=1, depth=3."
1360,peripheral,0.35,0,0.405394,"Периферия: пороги специальных ролей не достигнуты; in=1, out=2, depth=3."
1361,peripheral,0.35,25,0.443808,"Периферия: пороги специальных ролей не достигнуты; in=1, out=1, depth=3."
1362,peripheral,0.35,25,0.363304,"Периферия: пороги специальных ролей не достигнуты; in=1, out=1, depth=3."
1363,peripheral,0.35,2,0.451474,"Периферия: пороги специальных ролей не достигнуты; in=1, out=1, depth=3."
1364,peripheral,0.35,2,0.305834,"Периферия: пороги специальных ролей не достигнуты; in=1, out=1, depth=3."
1365,peripheral,0.35,3,0.385045,"Периферия: пороги специальных ролей не достигнуты; in=1, out=1, depth=3."
1366,peripheral,0.35,3,0.37387,"Периферия: пороги специальных ролей не достигнуты; in=1, out=2, depth=3."
1367,peripheral,0.35,14,0.375264,"Периферия: пороги специальных ролей не достигнуты; in=1, out=1, depth=3."
1368,peripheral,0.35,14,0.337363,"Периферия: пороги специальных ролей не достигнуты; in=1, out=1, depth=3."
1369,peripheral,0.35,7,0.429219,"Периферия: пороги специальных ролей не достигнуты; in=2, out=1, depth=3."
1370,peripheral,0.35,4,0.36174,"Периферия: пороги специальных ролей не достигнуты; in=1, out=1, depth=3."
1371,peripheral,0.35,5,0.409868,"Периферия: пороги специальных ролей не достигнуты; in=1, out=1, depth=3."
1372,peripheral,0.35,5,0.37807,"Периферия: пороги специальных ролей не достигнуты; in=1, out=1, depth=3."
1373,peripheral,0.35,6,0.458329,"Периферия: пороги специальных ролей не достигнуты; in=2, out=1, depth=3."
1374,peripheral,0.35,6,0.374324,"Периферия: пороги специальных ролей не достигнуты; in=1, out=2, depth=3."
1375,peripheral,0.35,23,0.411142,"Периферия: пороги специальных ролей не достигнуты; in=2, out=1, depth=3."
1376,peripheral,0.35,19,0.369171,"Периферия: пороги специальных ролей не достигнуты; in=1, out=1, depth=3."
1377,peripheral,0.35,19,0.421005,"Периферия: пороги специальных ролей не достигнуты; in=1, out=2, depth=3."
1378,peripheral,0.35,19,0.308942,"Периферия: пороги специальных ролей не достигнуты; in=1, out=1, depth=3."
1379,peripheral,0.35,19,0.403495,"Периферия: пороги специальных ролей не достигнуты; in=1, out=1, depth=3."
1380,peripheral,0.35,19,0.366605,"Периферия: пороги специальных ролей не достигнуты; in=1, out=1, depth=3."
1381,peripheral,0.35,19,0.40669,"Периферия: пороги специальных ролей не достигнуты; in=1, out=2, depth=3."
1382,peripheral,0.35,19,0.336482,"Периферия: пороги специальных ролей не достигнуты; in=1, out=2, depth=3."
1383,peripheral,0.35,19,0.443619,"Периферия: пороги специальных ролей не достигнуты; in=1, out=1, depth=3."
1384,peripheral,0.35,4,0.333503,"Периферия: пороги специальных ролей не достигнуты; in=1, out=1, depth=3."
1385,peripheral,0.35,4,0.421179,"Периферия: пороги специальных ролей не достигнуты; in=1, out=1, depth=3."
1386,peripheral,0.35,4,0.381734,"Периферия: пороги специальных ролей не достигнуты; in=1, out=1, depth=3."
1387,peripheral,0.35,18,0.282773,"Периферия: пороги специальных ролей не достигнуты; in=1, out=1, depth=3."
1388,terminal,0.914811,6,0.508973,"Гипотеза терминального поведения: depth=3, in=1, out=0, удержание наблюдаемого входа 100%; узел не на границе depth=4."
1389,terminal,0.950453,6,0.65469,"Гипотеза терминального поведения: depth=3, in=2, out=0, удержание наблюдаемого входа 100%; узел не на границе depth=4."
1390,peripheral,0.35,6,0.354856,"Периферия: пороги специальных ролей не достигнуты; in=1, out=1, depth=3."
1391,terminal,0.943367,26,0.652329,"Гипотеза терминального поведения: depth=3, in=1, out=0, удержание наблюдаемого входа 100%; узел не на границе depth=4."
1392,terminal,0.915024,26,0.509737,"Гипотеза терминального поведения: depth=3, in=1, out=0, удержание наблюдаемого входа 100%; узел не на границе depth=4."
1393,terminal,0.953596,2,0.672985,"Гипотеза терминального поведения: depth=3, in=1, out=0, удержание наблюдаемого входа 100%; узел не на границе depth=4."
1394,terminal,0.911774,2,0.621553,"Гипотеза терминального поведения: depth=3, in=1, out=0, удержание наблюдаемого входа 100%; узел не на границе depth=4."
1395,terminal,0.955248,3,0.686747,"Гипотеза терминального поведения: depth=3, in=1, out=0, удержание наблюдаемого входа 100%; узел не на границе depth=4."
1396,terminal,0.92227,3,0.654175,"Гипотеза терминального поведения: depth=3, in=1, out=0, удержание наблюдаемого входа 100%; узел не на границе depth=4."
1397,peripheral,0.35,4,0.320856,"Периферия: пороги специальных ролей не достигнуты; in=1, out=1, depth=3."
1398,terminal,0.90293,4,0.524946,"Гипотеза терминального поведения: depth=3, in=1, out=0, удержание наблюдаемого входа 100%; узел не на границе depth=4."
1399,terminal,0.955727,4,0.689931,"Гипотеза терминального поведения: depth=3, in=1, out=0, удержание наблюдаемого входа 100%; узел не на границе depth=4."
1400,terminal,0.912573,4,0.633697,"Гипотеза терминального поведения: depth=3, in=1, out=0, удержание наблюдаемого входа 100%; узел не на границе depth=4."
1401,terminal,0.955887,5,0.690317,"Гипотеза терминального поведения: depth=3, in=1, out=0, удержание наблюдаемого входа 100%; узел не на границе depth=4."
1402,terminal,0.90317,5,0.525846,"Гипотеза терминального поведения: depth=3, in=1, out=0, удержание наблюдаемого входа 100%; узел не на границе depth=4."
1403,terminal,0.9561,6,0.690655,"Гипотеза терминального поведения: depth=3, in=1, out=0, удержание наблюдаемого входа 100%; узел не на границе depth=4."
1404,terminal,0.90325,6,0.526039,"Гипотеза терминального поведения: depth=3, in=1, out=0, удержание наблюдаемого входа 100%; узел не на границе depth=4."
1405,terminal,0.956153,7,0.690819,"Гипотеза терминального поведения: depth=3, in=1, out=0, удержание наблюдаемого входа 100%; узел не на границе depth=4."
1406,terminal,0.91268,7,0.6336,"Гипотеза терминального поведения: depth=3, in=1, out=0, удержание наблюдаемого входа 100%; узел не на границе depth=4."
1407,terminal,0.90975,0,0.490001,"Гипотеза терминального поведения: depth=3, in=1, out=0, удержание наблюдаемого входа 100%; узел не на границе depth=4."
1408,terminal,0.910655,28,0.490984,"Гипотеза терминального поведения: depth=3, in=1, out=0, удержание наблюдаемого входа 100%; узел не на границе depth=4."
1409,terminal,0.920032,28,0.50218,"Гипотеза терминального поведения: depth=3, in=1, out=0, удержание наблюдаемого входа 100%; узел не на границе depth=4."
1410,terminal,0.920192,28,0.502354,"Гипотеза терминального поведения: depth=3, in=1, out=0, удержание наблюдаемого входа 100%; узел не на границе depth=4."
1411,terminal,0.926372,28,0.511172,"Гипотеза терминального поведения: depth=3, in=1, out=0, удержание наблюдаемого входа 100%; узел не на границе depth=4."
1412,peripheral,0.35,11,0.266885,"Периферия: пороги специальных ролей не достигнуты; in=1, out=1, depth=3."
1413,terminal,0.918913,28,0.500922,"Гипотеза терминального поведения: depth=3, in=1, out=0, удержание наблюдаемого входа 100%; узел не на границе depth=4."
1414,terminal,0.937027,17,0.546689,"Гипотеза терминального поведения: depth=3, in=1, out=0, удержание наблюдаемого входа 100%; узел не на границе depth=4."
1415,terminal,0.927064,1,0.512124,"Гипотеза терминального поведения: depth=3, in=1, out=0, удержание наблюдаемого входа 100%; узел не на границе depth=4."
1416,terminal,0.926212,1,0.510976,"Гипотеза терминального поведения: depth=3, in=1, out=0, удержание наблюдаемого входа 100%; узел не на границе depth=4."
1417,terminal,0.908098,5,0.487498,"Гипотеза терминального поведения: depth=3, in=1, out=0, удержание наблюдаемого входа 100%; узел не на границе depth=4."
1418,terminal,0.926159,0,0.510918,"Гипотеза терминального поведения: depth=3, in=1, out=0, удержание наблюдаемого входа 100%; узел не на границе depth=4."
1419,terminal,0.90309,21,0.481753,"Гипотеза терминального поведения: depth=3, in=1, out=0, удержание наблюдаемого входа 100%; узел не на границе depth=4."
1420,terminal,0.933404,6,0.637963,"Гипотеза терминального поведения: depth=3, in=2, out=0, удержание наблюдаемого входа 100%; узел не на границе depth=4."
1421,terminal,0.909483,7,0.489712,"Гипотеза терминального поведения: depth=3, in=1, out=0, удержание наблюдаемого входа 100%; узел не на границе depth=4."
1422,terminal,0.939052,21,0.587106,"Гипотеза терминального поведения: depth=3, in=1, out=0, удержание наблюдаемого входа 100%; узел не на границе depth=4."
1423,terminal,0.910176,1,0.490464,"Гипотеза терминального поведения: depth=3, in=1, out=0, удержание наблюдаемого входа 100%; узел не на границе depth=4."
1424,terminal,0.939265,23,0.581744,"Гипотеза терминального поведения: depth=3, in=1, out=0, удержание наблюдаемого входа 100%; узел не на границе depth=4."
1425,terminal,0.918647,2,0.607035,"Гипотеза терминального поведения: depth=3, in=2, out=0, удержание наблюдаемого входа 100%; узел не на границе depth=4."
1426,terminal,0.930261,6,0.516437,"Гипотеза терминального поведения: depth=3, in=1, out=0, удержание наблюдаемого входа 100%; узел не на границе depth=4."
1427,terminal,0.910762,1,0.491099,"Гипотеза терминального поведения: depth=3, in=1, out=0, удержание наблюдаемого входа 100%; узел не на границе depth=4."
1428,terminal,0.928183,23,0.514094,"Гипотеза терминального поведения: depth=3, in=1, out=0, удержание наблюдаемого входа 100%; узел не на границе depth=4."
1429,terminal,0.904209,4,0.483011,"Гипотеза терминального поведения: depth=3, in=1, out=0, удержание наблюдаемого входа 100%; узел не на границе depth=4."
1430,terminal,0.944219,22,0.63514,"Гипотеза терминального поведения: depth=3, in=2, out=0, удержание наблюдаемого входа 100%; узел не на границе depth=4."
1431,peripheral,0.35,3,0.275207,"Периферия: пороги специальных ролей не достигнуты; in=1, out=1, depth=3."
1432,terminal,0.925733,8,0.510412,"Гипотеза терминального поведения: depth=3, in=1, out=0, удержание наблюдаемого входа 100%; узел не на границе depth=4."
1433,terminal,0.991529,4,0.749932,"Гипотеза терминального поведения: depth=3, in=4, out=0, удержание наблюдаемого входа 100%; узел не на границе depth=4."
1434,terminal,0.934896,8,0.5224,"Гипотеза терминального поведения: depth=3, in=1, out=0, удержание наблюдаемого входа 100%; узел не на границе depth=4."
1435,terminal,0.913799,8,0.495195,"Гипотеза терминального поведения: depth=3, in=1, out=0, удержание наблюдаемого входа 100%; узел не на границе depth=4."
1436,terminal,0.926851,20,0.511892,"Гипотеза терминального поведения: depth=3, in=1, out=0, удержание наблюдаемого входа 100%; узел не на границе depth=4."
1437,terminal,0.928982,20,0.622029,"Гипотеза терминального поведения: depth=3, in=2, out=0, удержание наблюдаемого входа 100%; узел не на границе depth=4."
1438,terminal,0.939478,1,0.541058,"Гипотеза терминального поведения: depth=3, in=1, out=0, удержание наблюдаемого входа 100%; узел не на границе depth=4."
1439,terminal,0.938572,10,0.649301,"Гипотеза терминального поведения: depth=3, in=2, out=0, удержание наблюдаемого входа 100%; узел не на границе depth=4."
1440,terminal,0.928876,1,0.514934,"Гипотеза терминального поведения: depth=3, in=1, out=0, удержание наблюдаемого входа 100%; узел не на границе depth=4."
1441,terminal,0.910069,1,0.540215,"Гипотеза терминального поведения: depth=3, in=1, out=0, удержание наблюдаемого входа 100%; узел не на границе depth=4."
1442,peripheral,0.35,3,0.259554,"Периферия: пороги специальных ролей не достигнуты; in=1, out=1, depth=3."
1443,terminal,0.911561,2,0.491967,"Гипотеза терминального поведения: depth=3, in=1, out=0, удержание наблюдаемого входа 100%; узел не на границе depth=4."
1444,peripheral,0.35,16,0.302653,"Периферия: пороги специальных ролей не достигнуты; in=1, out=1, depth=3."
1445,terminal,0.909909,3,0.529333,"Гипотеза терминального поведения: depth=3, in=1, out=0, удержание наблюдаемого входа 100%; узел не на границе depth=4."
1446,terminal,0.942302,5,0.584053,"Гипотеза терминального поведения: depth=3, in=1, out=0, удержание наблюдаемого входа 100%; узел не на границе depth=4."
1447,peripheral,0.35,11,0.337104,"Периферия: пороги специальных ролей не достигнуты; in=1, out=1, depth=3."
1448,terminal,0.940224,5,0.545739,"Гипотеза терминального поведения: depth=3, in=1, out=0, удержание наблюдаемого входа 100%; узел не на границе depth=4."
1449,terminal,0.912307,5,0.492865,"Гипотеза терминального поведения: depth=3, in=1, out=0, удержание наблюдаемого входа 100%; узел не на границе depth=4."
1450,terminal,0.953916,1,0.65052,"Гипотеза терминального поведения: depth=3, in=1, out=0, удержание наблюдаемого входа 100%; узел не на границе depth=4."
1451,terminal,0.910389,1,0.542213,"Гипотеза терминального поведения: depth=3, in=1, out=0, удержание наблюдаемого входа 100%; узел не на границе depth=4."
1452,terminal,0.942568,1,0.585994,"Гипотеза терминального поведения: depth=3, in=1, out=0, удержание наблюдаемого входа 100%; узел не на границе depth=4."
1453,terminal,0.910442,1,0.544136,"Гипотеза терминального поведения: depth=3, in=1, out=0, удержание наблюдаемого входа 100%; узел не на границе depth=4."
1454,terminal,0.942728,2,0.586957,"Гипотеза терминального поведения: depth=3, in=1, out=0, удержание наблюдаемого входа 100%; узел не на границе depth=4."
1455,terminal,0.904475,2,0.483345,"Гипотеза терминального поведения: depth=3, in=1, out=0, удержание наблюдаемого входа 100%; узел не на границе depth=4."
1456,terminal,0.94715,3,0.652792,"Гипотеза терминального поведения: depth=3, in=2, out=0, удержание наблюдаемого входа 100%; узел не на границе depth=4."
1457,terminal,0.910709,3,0.545171,"Гипотеза терминального поведения: depth=3, in=1, out=0, удержание наблюдаемого входа 100%; узел не на границе depth=4."
1458,terminal,0.943207,1,0.588277,"Гипотеза терминального поведения: depth=3, in=1, out=0, удержание наблюдаемого входа 100%; узел не на границе depth=4."
1459,terminal,0.910868,1,0.545451,"Гипотеза терминального поведения: depth=3, in=1, out=0, удержание наблюдаемого входа 100%; узел не на границе depth=4."
1460,terminal,0.929728,1,0.515859,"Гипотеза терминального поведения: depth=3, in=1, out=0, удержание наблюдаемого входа 100%; узел не на границе depth=4."
1461,terminal,0.943527,4,0.675304,"Гипотеза терминального поведения: depth=3, in=2, out=0, удержание наблюдаемого входа 100%; узел не на границе depth=4."
1462,terminal,0.929835,1,0.515974,"Гипотеза терминального поведения: depth=3, in=1, out=0, удержание наблюдаемого входа 100%; узел не на границе depth=4."
1463,terminal,0.910975,1,0.545673,"Гипотеза терминального поведения: depth=3, in=1, out=0, удержание наблюдаемого входа 100%; узел не на границе depth=4."
1464,peripheral,0.35,9,0.318391,"Периферия: пороги специальных ролей не достигнуты; in=1, out=1, depth=3."
1465,terminal,0.905594,9,0.531113,"Гипотеза терминального поведения: depth=3, in=1, out=0, удержание наблюдаемого входа 100%; узел не на границе depth=4."
1466,terminal,0.93756,7,0.572041,"Гипотеза терминального поведения: depth=3, in=1, out=0, удержание наблюдаемого входа 100%; узел не на границе depth=4."
1467,terminal,0.918167,7,0.607642,"Гипотеза терминального поведения: depth=3, in=2, out=0, удержание наблюдаемого входа 100%; узел не на границе depth=4."
1468,terminal,0.937187,10,0.569975,"Гипотеза терминального поведения: depth=3, in=1, out=0, удержание наблюдаемого входа 100%; узел не на границе depth=4."
1469,terminal,0.905434,10,0.530141,"Гипотеза терминального поведения: depth=3, in=1, out=0, удержание наблюдаемого входа 100%; узел не на границе depth=4."
1470,terminal,0.941343,10,0.672739,"Гипотеза терминального поведения: depth=3, in=2, out=0, удержание наблюдаемого входа 100%; узел не на границе depth=4."
1471,terminal,0.926958,8,0.657453,"Гипотеза терминального поведения: depth=3, in=3, out=0, удержание наблюдаемого входа 100%; узел не на границе depth=4."
1472,terminal,0.937294,0,0.572906,"Гипотеза терминального поведения: depth=3, in=1, out=0, удержание наблюдаемого входа 100%; узел не на границе depth=4."
1473,terminal,0.905541,0,0.531322,"Гипотеза терминального поведения: depth=3, in=1, out=0, удержание наблюдаемого входа 100%; узел не на границе depth=4."
1474,terminal,0.945232,0,0.649966,"Гипотеза терминального поведения: depth=3, in=2, out=0, удержание наблюдаемого входа 100%; узел не на границе depth=4."
1475,peripheral,0.35,1,0.27636,"Периферия: пороги специальных ролей не достигнуты; in=1, out=1, depth=3."
1476,terminal,0.937666,11,0.573959,"Гипотеза терминального поведения: depth=3, in=1, out=0, удержание наблюдаемого входа 100%; узел не на границе depth=4."
1477,terminal,0.917421,11,0.614079,"Гипотеза терминального поведения: depth=3, in=2, out=0, удержание наблюдаемого входа 100%; узел не на границе depth=4."
1478,terminal,0.93772,11,0.573893,"Гипотеза терминального поведения: depth=3, in=1, out=0, удержание наблюдаемого входа 100%; узел не на границе depth=4."
1479,terminal,0.903543,11,0.485121,"Гипотеза терминального поведения: depth=3, in=1, out=0, удержание наблюдаемого входа 100%; узел не на границе depth=4."
1480,peripheral,0.35,0,0.289082,"Периферия: пороги специальных ролей не достигнуты; in=1, out=1, depth=3."
1481,terminal,0.916409,0,0.498116,"Гипотеза терминального поведения: depth=3, in=1, out=0, удержание наблюдаемого входа 100%; узел не на границе depth=4."
1482,terminal,0.93708,0,0.550583,"Гипотеза терминального поведения: depth=3, in=1, out=0, удержание наблюдаемого входа 100%; узел не на границе depth=4."
1483,terminal,0.900693,0,0.479152,"Гипотеза терминального поведения: depth=3, in=1, out=0, удержание наблюдаемого входа 100%; узел не на границе depth=4."
1484,terminal,0.93724,0,0.569012,"Гипотеза терминального поведения: depth=3, in=1, out=0, удержание наблюдаемого входа 100%; узел не на границе depth=4."
1485,terminal,0.915717,0,0.638246,"Гипотеза терминального поведения: depth=3, in=2, out=0, удержание наблюдаемого входа 100%; узел не на границе depth=4."
1486,terminal,0.937613,0,0.571193,"Гипотеза терминального поведения: depth=3, in=1, out=0, удержание наблюдаемого входа 100%; узел не на границе depth=4."
1487,terminal,0.935162,10,0.63061,"Гипотеза терминального поведения: depth=3, in=2, out=0, удержание наблюдаемого входа 100%; узел не на границе depth=4."
1488,peripheral,0.35,0,0.35433,"Периферия: пороги специальных ролей не достигнуты; in=1, out=1, depth=3."
1489,terminal,0.904369,0,0.497987,"Гипотеза терминального поведения: depth=3, in=1, out=0, удержание наблюдаемого входа 100%; узел не на границе depth=4."
1490,terminal,0.951039,0,0.645222,"Гипотеза терминального поведения: depth=3, in=1, out=0, удержание наблюдаемого входа 100%; узел не на границе depth=4."
1491,terminal,0.905221,0,0.510357,"Гипотеза терминального поведения: depth=3, in=1, out=0, удержание наблюдаемого входа 100%; узел не на границе depth=4."
1492,terminal,0.937453,0,0.559059,"Гипотеза терминального поведения: depth=3, in=1, out=0, удержание наблюдаемого входа 100%; узел не на границе depth=4."
1493,terminal,0.900959,0,0.479441,"Гипотеза терминального поведения: depth=3, in=1, out=0, удержание наблюдаемого входа 100%; узел не на границе depth=4."
1494,terminal,0.936175,0,0.628769,"Гипотеза терминального поведения: depth=3, in=2, out=0, удержание наблюдаемого входа 100%; узел не на границе depth=4."
1495,terminal,0.92163,0,0.604786,"Гипотеза терминального поведения: depth=3, in=2, out=0, удержание наблюдаемого входа 100%; узел не на границе depth=4."
1496,terminal,0.938039,0,0.574214,"Гипотеза терминального поведения: depth=3, in=1, out=0, удержание наблюдаемого входа 100%; узел не на границе depth=4."
1497,terminal,0.90586,0,0.530923,"Гипотеза терминального поведения: depth=3, in=1, out=0, удержание наблюдаемого входа 100%; узел не на границе depth=4."
1498,terminal,0.937826,0,0.571896,"Гипотеза терминального поведения: depth=3, in=1, out=0, удержание наблюдаемого входа 100%; узел не на границе depth=4."
1499,terminal,0.905647,0,0.531757,"Гипотеза терминального поведения: depth=3, in=1, out=0, удержание наблюдаемого входа 100%; узел не на границе depth=4."
1500,terminal,0.93788,0,0.575629,"Гипотеза терминального поведения: depth=3, in=1, out=0, удержание наблюдаемого входа 100%; узел не на границе depth=4."
1501,terminal,0.917262,12,0.60293,"Гипотеза терминального поведения: depth=3, in=1, out=0, удержание наблюдаемого входа 100%; узел не на границе depth=4."
1502,terminal,0.921684,12,0.504684,"Гипотеза терминального поведения: depth=3, in=1, out=0, удержание наблюдаемого входа 100%; узел не на границе depth=4."
1503,terminal,0.904422,12,0.498204,"Гипотеза терминального поведения: depth=3, in=1, out=0, удержание наблюдаемого входа 100%; узел не на границе depth=4."
1504,terminal,0.936494,12,0.545205,"Гипотеза терминального поведения: depth=3, in=1, out=0, удержание наблюдаемого входа 100%; узел не на границе depth=4."
1505,terminal,0.905328,12,0.510686,"Гипотеза терминального поведения: depth=3, in=1, out=0, удержание наблюдаемого входа 100%; узел не на границе depth=4."
1506,peripheral,0.35,10,0.308045,"Периферия: пороги специальных ролей не достигнуты; in=1, out=1, depth=3."
1507,terminal,0.905807,10,0.529107,"Гипотеза терминального поведения: depth=3, in=1, out=0, удержание наблюдаемого входа 100%; узел не на границе depth=4."
1508,terminal,0.926585,0,0.511603,"Гипотеза терминального поведения: depth=3, in=1, out=0, удержание наблюдаемого входа 100%; узел не на границе depth=4."
1509,terminal,0.90602,0,0.531256,"Гипотеза терминального поведения: depth=3, in=1, out=0, удержание наблюдаемого входа 100%; узел не на границе depth=4."
1510,terminal,0.938253,0,0.575893,"Гипотеза терминального поведения: depth=3, in=1, out=0, удержание наблюдаемого входа 100%; узел не на границе depth=4."
1511,terminal,0.918007,0,0.602514,"Гипотеза терминального поведения: depth=3, in=1, out=0, удержание наблюдаемого входа 100%; узел не на границе depth=4."
1512,peripheral,0.35,0,0.310253,"Периферия: пороги специальных ролей не достигнуты; in=1, out=1, depth=3."
1513,terminal,0.901279,0,0.479787,"Гипотеза терминального поведения: depth=3, in=1, out=0, удержание наблюдаемого входа 100%; узел не на границе depth=4."
1514,terminal,0.937986,0,0.575701,"Гипотеза терминального поведения: depth=3, in=1, out=0, удержание наблюдаемого входа 100%; узел не на границе depth=4."
1515,terminal,0.903729,0,0.48559,"Гипотеза терминального поведения: depth=3, in=1, out=0, удержание наблюдаемого входа 100%; узел не на границе depth=4."
1516,terminal,0.937134,11,0.623247,"Гипотеза терминального поведения: depth=3, in=2, out=0, удержание наблюдаемого входа 100%; узел не на границе depth=4."
1517,terminal,0.905035,3,0.505147,"Гипотеза терминального поведения: depth=3, in=1, out=0, удержание наблюдаемого входа 100%; узел не на границе depth=4."
1518,terminal,0.9374,4,0.551871,"Гипотеза терминального поведения: depth=3, in=1, out=0, удержание наблюдаемого входа 100%; узел не на границе depth=4."
1519,terminal,0.911614,0,0.595114,"Гипотеза терминального поведения: depth=3, in=1, out=0, удержание наблюдаемого входа 100%; узел не на границе depth=4."
1520,terminal,0.938093,4,0.57143,"Гипотеза терминального поведения: depth=3, in=1, out=0, удержание наблюдаемого входа 100%; узел не на границе depth=4."
1521,terminal,0.909057,4,0.489418,"Гипотеза терминального поведения: depth=3, in=1, out=0, удержание наблюдаемого входа 100%; узел не на границе depth=4."
1522,terminal,0.933138,18,0.52027,"Гипотеза терминального поведения: depth=3, in=1, out=0, удержание наблюдаемого входа 100%; узел не на границе depth=4."
1523,terminal,0.913532,15,0.596398,"Гипотеза терминального поведения: depth=3, in=1, out=0, удержание наблюдаемого входа 100%; узел не на границе depth=4."
1524,peripheral,0.35,6,0.304838,"Периферия: пороги специальных ролей не достигнуты; in=1, out=1, depth=3."
1525,terminal,0.916889,6,0.527779,"Гипотеза терминального поведения: depth=3, in=1, out=0, удержание наблюдаемого входа 100%; узел не на границе depth=4."
1526,peripheral,0.35,7,0.291004,"Периферия: пороги специальных ролей не достигнуты; in=1, out=1, depth=3."
1527,terminal,0.900533,7,0.51169,"Гипотеза терминального поведения: depth=3, in=1, out=0, удержание наблюдаемого входа 100%; узел не на границе depth=4."
1528,terminal,0.948588,13,0.642206,"Гипотеза терминального поведения: depth=3, in=1, out=0, удержание наблюдаемого входа 100%; узел не на границе depth=4."
1529,terminal,0.900479,13,0.51371,"Гипотеза терминального поведения: depth=3, in=1, out=0, удержание наблюдаемого входа 100%; узел не на границе depth=4."
1530,terminal,0.929622,13,0.550799,"Гипотеза терминального поведения: depth=3, in=1, out=0, удержание наблюдаемого входа 100%; узел не на границе depth=4."
1531,terminal,0.909164,13,0.489321,"Гипотеза терминального поведения: depth=3, in=1, out=0, удержание наблюдаемого входа 100%; узел не на границе depth=4."
1532,peripheral,0.35,13,0.374228,"Периферия: пороги специальных ролей не достигнуты; in=2, out=1, depth=3."
1533,terminal,0.903942,13,0.482722,"Гипотеза терминального поведения: depth=3, in=1, out=0, удержание наблюдаемого входа 100%; узел не на границе depth=4."
1534,terminal,0.927757,4,0.609838,"Гипотеза терминального поведения: depth=3, in=1, out=0, удержание наблюдаемого входа 100%; узел не на границе depth=4."
1535,terminal,0.920085,4,0.626159,"Гипотеза терминального поведения: depth=3, in=2, out=0, удержание наблюдаемого входа 100%; узел не на границе depth=4."
1536,peripheral,0.35,14,0.371152,"Периферия: пороги специальных ролей не достигнуты; in=2, out=1, depth=3."
1537,terminal,0.908631,14,0.488076,"Гипотеза терминального поведения: depth=3, in=1, out=0, удержание наблюдаемого входа 100%; узел не на границе depth=4."
1538,terminal,0.927171,14,0.524812,"Гипотеза терминального поведения: depth=3, in=1, out=0, удержание наблюдаемого входа 100%; узел не на границе depth=4."
1539,terminal,0.915344,14,0.515944,"Гипотеза терминального поведения: depth=3, in=1, out=0, удержание наблюдаемого входа 100%; узел не на границе depth=4."
1540,terminal,0.947256,14,0.639109,"Гипотеза терминального поведения: depth=3, in=1, out=0, удержание наблюдаемого входа 100%; узел не на границе depth=4."
1541,terminal,0.900586,14,0.507592,"Гипотеза терминального поведения: depth=3, in=1, out=0, удержание наблюдаемого входа 100%; узел не на границе depth=4."
1542,terminal,0.939105,15,0.642199,"Гипотеза терминального поведения: depth=3, in=2, out=0, удержание наблюдаемого входа 100%; узел не на границе depth=4."
1543,peripheral,0.35,15,0.288655,"Периферия: пороги специальных ролей не достигнуты; in=1, out=1, depth=3."
1544,terminal,0.920405,2,0.503074,"Гипотеза терминального поведения: depth=3, in=1, out=0, удержание наблюдаемого входа 100%; узел не на границе depth=4."
1545,terminal,0.944326,6,0.660934,"Гипотеза терминального поведения: depth=3, in=2, out=0, удержание наблюдаемого входа 100%; узел не на границе depth=4."
1546,terminal,0.922483,9,0.506708,"Гипотеза терминального поведения: depth=3, in=1, out=0, удержание наблюдаемого входа 100%; узел не на границе depth=4."
1547,terminal,0.907645,9,0.588942,"Гипотеза терминального поведения: depth=3, in=1, out=0, удержание наблюдаемого входа 100%; узел не на границе depth=4."
1548,terminal,0.930048,9,0.547958,"Гипотеза терминального поведения: depth=3, in=1, out=0, удержание наблюдаемого входа 100%; узел не на границе depth=4."
1549,terminal,0.903996,9,0.48278,"Гипотеза терминального поведения: depth=3, in=1, out=0, удержание наблюдаемого входа 100%; узел не на границе depth=4."
1550,terminal,0.927544,9,0.525963,"Гипотеза терминального поведения: depth=3, in=1, out=0, удержание наблюдаемого входа 100%; узел не на границе depth=4."
1551,terminal,0.903356,9,0.482042,"Гипотеза терминального поведения: depth=3, in=1, out=0, удержание наблюдаемого входа 100%; узел не на границе depth=4."
1552,terminal,0.927224,16,0.524284,"Гипотеза терминального поведения: depth=3, in=1, out=0, удержание наблюдаемого входа 100%; узел не на границе depth=4."
1553,terminal,0.908364,16,0.487787,"Гипотеза терминального поведения: depth=3, in=1, out=0, удержание наблюдаемого входа 100%; узел не на границе depth=4."
1554,terminal,0.927278,6,0.524022,"Гипотеза терминального поведения: depth=3, in=1, out=0, удержание наблюдаемого входа 100%; узел не на границе depth=4."
1555,terminal,0.91561,6,0.515754,"Гипотеза терминального поведения: depth=3, in=1, out=0, удержание наблюдаемого входа 100%; узел не на границе depth=4."
1556,terminal,0.929462,7,0.537839,"Гипотеза терминального поведения: depth=3, in=1, out=0, удержание наблюдаемого входа 100%; узел не на границе depth=4."
1557,terminal,0.900639,7,0.506904,"Гипотеза терминального поведения: depth=3, in=1, out=0, удержание наблюдаемого входа 100%; узел не на границе depth=4."
1558,terminal,0.930155,17,0.547381,"Гипотеза терминального поведения: depth=3, in=1, out=0, удержание наблюдаемого входа 100%; узел не на границе depth=4."
1559,terminal,0.900852,17,0.512569,"Гипотеза терминального поведения: depth=3, in=1, out=0, удержание наблюдаемого входа 100%; узел не на границе depth=4."
1560,peripheral,0.35,17,0.308183,"Периферия: пороги специальных ролей не достигнуты; in=1, out=1, depth=3."
1561,terminal,0.90927,17,0.489481,"Гипотеза терминального поведения: depth=3, in=1, out=0, удержание наблюдаемого входа 100%; узел не на границе depth=4."
1562,terminal,0.923548,17,0.508699,"Гипотеза терминального поведения: depth=3, in=1, out=0, удержание наблюдаемого входа 100%; узел не на границе depth=4."
1563,terminal,0.912893,17,0.507299,"Гипотеза терминального поведения: depth=3, in=1, out=0, удержание наблюдаемого входа 100%; узел не на границе depth=4."
1564,peripheral,0.35,15,0.327234,"Периферия: пороги специальных ролей не достигнуты; in=1, out=2, depth=3."
1565,peripheral,0.35,2,0.365682,"Периферия: пороги специальных ролей не достигнуты; in=2, out=1, depth=3."
1566,terminal,0.939851,15,0.632237,"Гипотеза терминального поведения: depth=3, in=1, out=0, удержание наблюдаемого входа 100%; узел не на границе depth=4."
1567,terminal,0.901172,15,0.511638,"Гипотеза терминального поведения: depth=3, in=1, out=0, удержание наблюдаемого входа 100%; узел не на границе depth=4."
1568,terminal,0.930741,18,0.551107,"Гипотеза терминального поведения: depth=3, in=1, out=0, удержание наблюдаемого входа 100%; узел не на границе depth=4."
1569,terminal,0.90943,18,0.490081,"Гипотеза терминального поведения: depth=3, in=1, out=0, удержание наблюдаемого входа 100%; узел не на границе depth=4."
1570,terminal,0.927917,11,0.526856,"Гипотеза терминального поведения: depth=3, in=1, out=0, удержание наблюдаемого входа 100%; узел не на границе depth=4."
1571,peripheral,0.35,15,0.281461,"Периферия: пороги специальных ролей не достигнуты; in=1, out=1, depth=3."
1572,terminal,0.922643,11,0.50697,"Гипотеза терминального поведения: depth=3, in=1, out=0, удержание наблюдаемого входа 100%; узел не на границе depth=4."
1573,terminal,0.900799,11,0.508036,"Гипотеза терминального поведения: depth=3, in=1, out=0, удержание наблюдаемого входа 100%; узел не на границе depth=4."
1574,terminal,0.930474,2,0.548741,"Гипотеза терминального поведения: depth=3, in=1, out=0, удержание наблюдаемого входа 100%; узел не на границе depth=4."
1575,peripheral,0.35,23,0.290023,"Периферия: пороги специальных ролей не достигнуты; in=1, out=1, depth=3."
1576,terminal,0.923708,3,0.508659,"Гипотеза терминального поведения: depth=3, in=1, out=0, удержание наблюдаемого входа 100%; узел не на границе depth=4."
1577,terminal,0.929036,3,0.62166,"Гипотеза терминального поведения: depth=3, in=2, out=0, удержание наблюдаемого входа 100%; узел не на границе depth=4."
1578,terminal,0.938146,19,0.62615,"Гипотеза терминального поведения: depth=3, in=1, out=0, удержание наблюдаемого входа 100%; узел не на границе depth=4."
1579,terminal,0.90895,19,0.48909,"Гипотеза терминального поведения: depth=3, in=1, out=0, удержание наблюдаемого входа 100%; узел не на границе depth=4."
1580,peripheral,0.35,5,0.327872,"Периферия: пороги специальных ролей не достигнуты; in=1, out=1, depth=3."
1581,peripheral,0.35,25,0.305431,"Периферия: пороги специальных ролей не достигнуты; in=1, out=1, depth=3."
1582,terminal,0.929941,5,0.539159,"Гипотеза терминального поведения: depth=3, in=1, out=0, удержание наблюдаемого входа 100%; узел не на границе depth=4."
1583,terminal,0.901225,5,0.509032,"Гипотеза терминального поведения: depth=3, in=1, out=0, удержание наблюдаемого входа 100%; узел не на границе depth=4."
1584,peripheral,0.35,17,0.294265,"Периферия: пороги специальных ролей не достигнуты; in=1, out=1, depth=3."
1585,terminal,0.907832,27,0.489637,"Гипотеза терминального поведения: depth=3, in=1, out=0, удержание наблюдаемого входа 100%; узел не на границе depth=4."
1586,terminal,0.931486,7,0.553568,"Гипотеза терминального поведения: depth=3, in=1, out=0, удержание наблюдаемого входа 100%; узел не на границе depth=4."
1587,terminal,0.901438,7,0.515603,"Гипотеза терминального поведения: depth=3, in=1, out=0, удержание наблюдаемого входа 100%; узел не на границе depth=4."
1588,terminal,0.931007,20,0.552675,"Гипотеза терминального поведения: depth=3, in=1, out=0, удержание наблюдаемого входа 100%; узел не на границе depth=4."
1589,peripheral,0.35,10,0.284704,"Периферия: пороги специальных ролей не достигнуты; in=1, out=1, depth=3."
1590,terminal,0.944486,20,0.634088,"Гипотеза терминального поведения: depth=3, in=2, out=0, удержание наблюдаемого входа 100%; узел не на границе depth=4."
1591,peripheral,0.35,13,0.2583,"Периферия: пороги специальных ролей не достигнуты; in=1, out=1, depth=3."
1592,terminal,0.923974,21,0.509321,"Гипотеза терминального поведения: depth=3, in=1, out=0, удержание наблюдаемого входа 100%; узел не на границе depth=4."
1593,terminal,0.92179,21,0.611139,"Гипотеза терминального поведения: depth=3, in=2, out=0, удержание наблюдаемого входа 100%; узел не на границе depth=4."
1594,terminal,0.928769,21,0.534744,"Гипотеза терминального поведения: depth=3, in=1, out=0, удержание наблюдаемого входа 100%; узел не на границе depth=4."
1595,terminal,0.90911,21,0.489263,"Гипотеза терминального поведения: depth=3, in=1, out=0, удержание наблюдаемого входа 100%; узел не на границе depth=4."
1596,terminal,0.927864,21,0.526053,"Гипотеза терминального поведения: depth=3, in=1, out=0, удержание наблюдаемого входа 100%; узел не на границе depth=4."
1597,terminal,0.913372,21,0.595246,"Гипотеза терминального поведения: depth=3, in=1, out=0, удержание наблюдаемого входа 100%; узел не на границе depth=4."
1598,terminal,0.952477,8,0.687754,"Гипотеза терминального поведения: depth=3, in=3, out=0, удержание наблюдаемого входа 100%; узел не на границе depth=4."
1599,peripheral,0.35,8,0.279157,"Периферия: пороги специальных ролей не достигнуты; in=1, out=1, depth=3."
1600,peripheral,0.35,22,0.363795,"Периферия: пороги специальных ролей не достигнуты; in=1, out=1, depth=3."
1601,terminal,0.901598,22,0.514604,"Гипотеза терминального поведения: depth=3, in=1, out=0, удержание наблюдаемого входа 100%; узел не на границе depth=4."
1602,terminal,0.917901,22,0.499735,"Гипотеза терминального поведения: depth=3, in=1, out=0, удержание наблюдаемого входа 100%; узел не на границе depth=4."
1603,terminal,0.906873,22,0.58322,"Гипотеза терминального поведения: depth=3, in=1, out=0, удержание наблюдаемого входа 100%; узел не на границе depth=4."
1604,terminal,0.941449,2,0.632151,"Гипотеза терминального поведения: depth=3, in=2, out=0, удержание наблюдаемого входа 100%; узел не на границе depth=4."
1605,terminal,0.911987,9,0.60233,"Гипотеза терминального поведения: depth=3, in=2, out=0, удержание наблюдаемого входа 100%; узел не на границе depth=4."
1606,terminal,0.931593,3,0.556339,"Гипотеза терминального поведения: depth=3, in=1, out=0, удержание наблюдаемого входа 100%; узел не на границе depth=4."
1607,terminal,0.967928,4,0.724571,"Гипотеза терминального поведения: depth=3, in=1, out=0, удержание наблюдаемого входа 100%; узел не на границе depth=4."
1608,terminal,0.964198,4,0.667469,"Гипотеза терминального поведения: depth=3, in=1, out=0, удержание наблюдаемого входа 100%; узел не на границе depth=4."
1609,terminal,0.901652,4,0.518125,"Гипотеза терминального поведения: depth=3, in=1, out=0, удержание наблюдаемого входа 100%; узел не на границе depth=4."
1610,terminal,0.931859,23,0.557001,"Гипотеза терминального поведения: depth=3, in=1, out=0, удержание наблюдаемого входа 100%; узел не на границе depth=4."
1611,terminal,0.90317,23,0.484556,"Гипотеза терминального поведения: depth=3, in=1, out=0, удержание наблюдаемого входа 100%; узел не на границе depth=4."
1612,terminal,0.924134,5,0.509654,"Гипотеза терминального поведения: depth=3, in=1, out=0, удержание наблюдаемого входа 100%; узел не на границе depth=4."
1613,terminal,0.912147,3,0.592647,"Гипотеза терминального поведения: depth=3, in=1, out=0, удержание наблюдаемого входа 100%; узел не на границе depth=4."
1614,terminal,0.929142,6,0.535308,"Гипотеза терминального поведения: depth=3, in=1, out=0, удержание наблюдаемого входа 100%; узел не на границе depth=4."
1615,terminal,0.901066,6,0.503211,"Гипотеза терминального поведения: depth=3, in=1, out=0, удержание наблюдаемого входа 100%; узел не на границе depth=4."
1616,terminal,0.931646,7,0.547872,"Гипотеза терминального поведения: depth=3, in=1, out=0, удержание наблюдаемого входа 100%; узел не на границе depth=4."
1617,terminal,0.901545,7,0.512255,"Гипотеза терминального поведения: depth=3, in=1, out=0, удержание наблюдаемого входа 100%; узел не на границе depth=4."
1618,terminal,0.931779,8,0.551906,"Гипотеза терминального поведения: depth=3, in=1, out=0, удержание наблюдаемого входа 100%; узел не на границе depth=4."
1619,terminal,0.901705,8,0.516584,"Гипотеза терминального поведения: depth=3, in=1, out=0, удержание наблюдаемого входа 100%; узел не на границе depth=4."
1620,peripheral,0.35,8,0.303959,"Периферия: пороги специальных ролей не достигнуты; in=1, out=1, depth=3."
1621,terminal,0.909643,8,0.491324,"Гипотеза терминального поведения: depth=3, in=1, out=0, удержание наблюдаемого входа 100%; узел не на границе depth=4."
1622,terminal,0.928237,14,0.52843,"Гипотеза терминального поведения: depth=3, in=1, out=0, удержание наблюдаемого входа 100%; узел не на границе depth=4."
1623,terminal,0.908844,14,0.48893,"Гипотеза терминального поведения: depth=3, in=1, out=0, удержание наблюдаемого входа 100%; узел не на границе depth=4."
1624,terminal,0.928023,14,0.525765,"Гипотеза терминального поведения: depth=3, in=1, out=0, удержание наблюдаемого входа 100%; узел не на границе depth=4."
1625,terminal,0.916462,14,0.516927,"Гипотеза терминального поведения: depth=3, in=1, out=0, удержание наблюдаемого входа 100%; узел не на границе depth=4."
1626,terminal,0.930794,14,0.539711,"Гипотеза терминального поведения: depth=3, in=1, out=0, удержание наблюдаемого входа 100%; узел не на границе depth=4."
1627,terminal,0.903303,14,0.481984,"Гипотеза терминального поведения: depth=3, in=1, out=0, удержание наблюдаемого входа 100%; узел не на границе depth=4."
1628,terminal,0.91838,24,0.500255,"Гипотеза терминального поведения: depth=3, in=1, out=0, удержание наблюдаемого входа 100%; узел не на границе depth=4."
1629,terminal,0.906393,4,0.48547,"Гипотеза терминального поведения: depth=3, in=1, out=0, удержание наблюдаемого входа 100%; узел не на границе depth=4."
1630,terminal,0.932765,24,0.556475,"Гипотеза терминального поведения: depth=3, in=1, out=0, удержание наблюдаемого входа 100%; узел не на границе depth=4."
1631,terminal,0.901918,24,0.518574,"Гипотеза терминального поведения: depth=3, in=1, out=0, удержание наблюдаемого входа 100%; узел не на границе depth=4."
1632,terminal,0.932552,24,0.556358,"Гипотеза терминального поведения: depth=3, in=1, out=0, удержание наблюдаемого входа 100%; узел не на границе depth=4."
1633,terminal,0.901811,24,0.516913,"Гипотеза терминального поведения: depth=3, in=1, out=0, удержание наблюдаемого входа 100%; узел не на границе depth=4."
1634,terminal,0.932392,2,0.557517,"Гипотеза терминального поведения: depth=3, in=1, out=0, удержание наблюдаемого входа 100%; узел не на границе depth=4."
1635,terminal,0.909856,2,0.490117,"Гипотеза терминального поведения: depth=3, in=1, out=0, удержание наблюдаемого входа 100%; узел не на границе depth=4."
1636,terminal,0.924188,3,0.508735,"Гипотеза терминального поведения: depth=3, in=1, out=0, удержание наблюдаемого входа 100%; узел не на границе depth=4."
1637,terminal,0.914385,3,0.59956,"Гипотеза терминального поведения: depth=3, in=1, out=0, удержание наблюдаемого входа 100%; узел не на границе depth=4."
1638,terminal,0.949174,9,0.643854,"Гипотеза терминального поведения: depth=3, in=1, out=0, удержание наблюдаемого входа 100%; узел не на границе depth=4."
1639,peripheral,0.35,9,0.26793,"Периферия: пороги специальных ролей не достигнуты; in=1, out=1, depth=3."
1640,terminal,0.932978,9,0.559885,"Гипотеза терминального поведения: depth=3, in=1, out=0, удержание наблюдаемого входа 100%; узел не на границе depth=4."
1641,terminal,0.902025,9,0.520394,"Гипотеза терминального поведения: depth=3, in=1, out=0, удержание наблюдаемого входа 100%; узел не на границе depth=4."
1642,terminal,0.933031,5,0.560929,"Гипотеза терминального поведения: depth=3, in=1, out=0, удержание наблюдаемого входа 100%; узел не на границе depth=4."
1643,terminal,0.922802,0,0.619983,"Гипотеза терминального поведения: depth=3, in=2, out=0, удержание наблюдаемого входа 100%; узел не на границе depth=4."
1644,terminal,0.933351,6,0.560769,"Гипотеза терминального поведения: depth=3, in=1, out=0, удержание наблюдаемого входа 100%; узел не на границе depth=4."
1645,terminal,0.908897,6,0.587114,"Гипотеза терминального поведения: depth=3, in=1, out=0, удержание наблюдаемого входа 100%; узел не на границе depth=4."
1646,terminal,0.933564,7,0.56156,"Гипотеза терминального поведения: depth=3, in=1, out=0, удержание наблюдаемого входа 100%; узел не на границе depth=4."
1647,terminal,0.909963,7,0.490232,"Гипотеза терминального поведения: depth=3, in=1, out=0, удержание наблюдаемого входа 100%; узел не на границе depth=4."
1648,peripheral,0.35,9,0.289433,"Периферия: пороги специальных ролей не достигнуты; in=1, out=1, depth=3."
1649,peripheral,0.35,9,0.328659,"Периферия: пороги специальных ролей не достигнуты; in=1, out=1, depth=3."
1650,terminal,0.957645,25,0.697138,"Гипотеза терминального поведения: depth=3, in=2, out=0, удержание наблюдаемого входа 100%; узел не на границе depth=4."
1651,terminal,0.901332,25,0.503713,"Гипотеза терминального поведения: depth=3, in=1, out=0, удержание наблюдаемого входа 100%; узел не на границе depth=4."
1652,terminal,0.932179,25,0.548792,"Гипотеза терминального поведения: depth=3, in=1, out=0, удержание наблюдаемого входа 100%; узел не на границе depth=4."
1653,terminal,0.901865,25,0.513508,"Гипотеза терминального поведения: depth=3, in=1, out=0, удержание наблюдаемого входа 100%; узел не на границе depth=4."
1654,terminal,0.962227,19,0.703761,"Гипотеза терминального поведения: depth=3, in=2, out=0, удержание наблюдаемого входа 100%; узел не на границе depth=4."
1655,terminal,0.910016,4,0.491516,"Гипотеза терминального поведения: depth=3, in=1, out=0, удержание наблюдаемого входа 100%; узел не на границе depth=4."
1656,terminal,0.947416,26,0.637898,"Гипотеза терминального поведения: depth=3, in=1, out=0, удержание наблюдаемого входа 100%; узел не на границе depth=4."
1657,terminal,0.900746,26,0.499508,"Гипотеза терминального поведения: depth=3, in=1, out=0, удержание наблюдаемого входа 100%; узел не на границе depth=4."
1658,terminal,0.931966,26,0.542359,"Гипотеза терминального поведения: depth=3, in=1, out=0, удержание наблюдаемого входа 100%; узел не на границе depth=4."
1659,terminal,0.904315,26,0.483171,"Гипотеза терминального поведения: depth=3, in=1, out=0, удержание наблюдаемого входа 100%; узел не на границе depth=4."
1660,peripheral,0.35,7,0.321226,"Периферия: пороги специальных ролей не достигнуты; in=1, out=1, depth=3."
1661,terminal,0.904795,7,0.483691,"Гипотеза терминального поведения: depth=3, in=1, out=0, удержание наблюдаемого входа 100%; узел не на границе depth=4."
1662,terminal,0.931779,7,0.54157,"Гипотеза терминального поведения: depth=3, in=1, out=0, удержание наблюдаемого входа 100%; узел не на границе depth=4."
1663,terminal,0.905274,7,0.484256,"Гипотеза терминального поведения: depth=3, in=1, out=0, удержание наблюдаемого входа 100%; узел не на границе depth=4."
1664,terminal,0.924294,2,0.508851,"Гипотеза терминального поведения: depth=3, in=1, out=0, удержание наблюдаемого входа 100%; узел не на границе depth=4."
1665,terminal,0.902078,2,0.516563,"Гипотеза терминального поведения: depth=3, in=1, out=0, удержание наблюдаемого входа 100%; узел не на границе depth=4."
1666,terminal,0.94683,3,0.638274,"Гипотеза терминального поведения: depth=3, in=1, out=0, удержание наблюдаемого входа 100%; узел не на границе depth=4."
1667,terminal,0.902184,3,0.521846,"Гипотеза терминального поведения: depth=3, in=1, out=0, удержание наблюдаемого входа 100%; узел не на границе depth=4."
1668,terminal,0.924507,23,0.509082,"Гипотеза терминального поведения: depth=3, in=1, out=0, удержание наблюдаемого входа 100%; узел не на границе depth=4."
1669,terminal,0.907192,23,0.486337,"Гипотеза терминального поведения: depth=3, in=1, out=0, удержание наблюдаемого входа 100%; узел не на границе depth=4."
1670,terminal,0.945498,23,0.643861,"Гипотеза терминального поведения: depth=3, in=2, out=0, удержание наблюдаемого входа 100%; узел не на границе depth=4."
1671,terminal,0.902291,23,0.522601,"Гипотеза терминального поведения: depth=3, in=1, out=0, удержание наблюдаемого входа 100%; узел не на границе depth=4."
1672,terminal,0.924614,23,0.509198,"Гипотеза терминального поведения: depth=3, in=1, out=0, удержание наблюдаемого входа 100%; узел не на границе depth=4."
1673,terminal,0.903783,23,0.485852,"Гипотеза терминального поведения: depth=3, in=1, out=0, удержание наблюдаемого входа 100%; узел не на границе depth=4."
1674,terminal,0.941556,27,0.64548,"Гипотеза терминального поведения: depth=3, in=2, out=0, удержание наблюдаемого входа 100%; узел не на границе depth=4."
1675,terminal,0.902397,27,0.522344,"Гипотеза терминального поведения: depth=3, in=1, out=0, удержание наблюдаемого входа 100%; узел не на границе depth=4."
1676,peripheral,0.35,27,0.342898,"Периферия: пороги специальных ролей не достигнуты; in=1, out=2, depth=3."
1677,terminal,0.902344,27,0.520315,"Гипотеза терминального поведения: depth=3, in=1, out=0, удержание наблюдаемого входа 100%; узел не на границе depth=4."
1678,terminal,0.92456,27,0.50914,"Гипотеза терминального поведения: depth=3, in=1, out=0, удержание наблюдаемого входа 100%; узел не на границе depth=4."
1679,terminal,0.910336,27,0.490637,"Гипотеза терминального поведения: depth=3, in=1, out=0, удержание наблюдаемого входа 100%; узел не на границе depth=4."
1680,terminal,0.93399,21,0.563666,"Гипотеза терминального поведения: depth=3, in=1, out=0, удержание наблюдаемого входа 100%; узел не на границе depth=4."
1681,peripheral,0.35,21,0.263141,"Периферия: пороги специальных ролей не достигнуты; in=1, out=1, depth=3."
1682,terminal,0.938199,17,0.640832,"Гипотеза терминального поведения: depth=3, in=2, out=0, удержание наблюдаемого входа 100%; узел не на границе depth=4."
1683,terminal,0.910602,17,0.492791,"Гипотеза терминального поведения: depth=3, in=1, out=0, удержание наблюдаемого входа 100%; узел не на границе depth=4."
1684,terminal,0.938679,4,0.648564,"Гипотеза терминального поведения: depth=3, in=2, out=0, удержание наблюдаемого входа 100%; узел не на границе depth=4."
1685,terminal,0.901012,4,0.500116,"Гипотеза терминального поведения: depth=3, in=1, out=0, удержание наблюдаемого входа 100%; узел не на границе depth=4."
1686,terminal,0.924241,16,0.508793,"Гипотеза терминального поведения: depth=3, in=1, out=0, удержание наблюдаемого входа 100%; узел не на границе depth=4."
1687,terminal,0.902238,16,0.511195,"Гипотеза терминального поведения: depth=3, in=1, out=0, удержание наблюдаемого входа 100%; узел не на границе depth=4."
1688,peripheral,0.35,16,0.319886,"Периферия: пороги специальных ролей не достигнуты; in=1, out=1, depth=3."
1689,terminal,0.902504,16,0.517824,"Гипотеза терминального поведения: depth=3, in=1, out=0, удержание наблюдаемого входа 100%; узел не на границе depth=4."
1690,terminal,0.934576,16,0.561584,"Гипотеза терминального поведения: depth=3, in=1, out=0, удержание наблюдаемого входа 100%; узел не на границе depth=4."
1691,terminal,0.934044,27,0.629413,"Гипотеза терминального поведения: depth=3, in=2, out=0, удержание наблюдаемого входа 100%; узел не на границе depth=4."
1692,peripheral,0.35,30,0.274739,"Периферия: пороги специальных ролей не достигнуты; in=1, out=1, depth=3."
1693,peripheral,0.35,30,0.276932,"Периферия: пороги специальных ролей не достигнуты; in=1, out=1, depth=3."
1694,peripheral,0.35,30,0.271466,"Периферия: пороги специальных ролей не достигнуты; in=1, out=1, depth=3."
1695,peripheral,0.35,31,0.27859,"Периферия: пороги специальных ролей не достигнуты; in=1, out=1, depth=3."
1696,peripheral,0.35,31,0.273784,"Периферия: пороги специальных ролей не достигнуты; in=1, out=1, depth=3."
1697,peripheral,0.35,32,0.279477,"Периферия: пороги специальных ролей не достигнуты; in=1, out=1, depth=3."
1698,peripheral,0.35,32,0.276169,"Периферия: пороги специальных ролей не достигнуты; in=1, out=1, depth=3."
1699,peripheral,0.35,32,0.281803,"Периферия: пороги специальных ролей не достигнуты; in=1, out=1, depth=3."
1700,peripheral,0.35,32,0.277562,"Периферия: пороги специальных ролей не достигнуты; in=1, out=1, depth=3."
1701,peripheral,0.35,33,0.283699,"Периферия: пороги специальных ролей не достигнуты; in=1, out=1, depth=3."
1702,peripheral,0.35,33,0.279828,"Периферия: пороги специальных ролей не достигнуты; in=1, out=1, depth=3."
1703,peripheral,0.35,33,0.286336,"Периферия: пороги специальных ролей не достигнуты; in=1, out=1, depth=3."
1704,peripheral,0.35,33,0.282139,"Периферия: пороги специальных ролей не достигнуты; in=1, out=1, depth=3."
1705,peripheral,0.35,34,0.288322,"Периферия: пороги специальных ролей не достигнуты; in=1, out=1, depth=3."
1706,peripheral,0.35,34,0.285147,"Периферия: пороги специальных ролей не достигнуты; in=1, out=1, depth=3."
1707,peripheral,0.35,34,0.292114,"Периферия: пороги специальных ролей не достигнуты; in=1, out=1, depth=3."
1708,peripheral,0.35,34,0.288288,"Периферия: пороги специальных ролей не достигнуты; in=1, out=1, depth=3."
1709,peripheral,0.35,35,0.294381,"Периферия: пороги специальных ролей не достигнуты; in=1, out=1, depth=3."
1710,peripheral,0.35,35,0.290925,"Периферия: пороги специальных ролей не достигнуты; in=1, out=1, depth=3."
1711,peripheral,0.35,35,0.297107,"Периферия: пороги специальных ролей не достигнуты; in=1, out=1, depth=3."
1712,peripheral,0.35,35,0.292866,"Периферия: пороги специальных ролей не достигнуты; in=1, out=1, depth=3."
1713,peripheral,0.35,36,0.298722,"Периферия: пороги специальных ролей не достигнуты; in=1, out=1, depth=3."
1714,peripheral,0.35,36,0.294392,"Периферия: пороги специальных ролей не достигнуты; in=1, out=1, depth=3."
1715,peripheral,0.35,36,0.300293,"Периферия: пороги специальных ролей не достигнуты; in=1, out=1, depth=3."
1716,peripheral,0.35,36,0.288414,"Периферия: пороги специальных ролей не достигнуты; in=1, out=1, depth=3."
1717,peripheral,0.35,37,0.302559,"Периферия: пороги специальных ролей не достигнуты; in=1, out=1, depth=3."
1718,peripheral,0.35,37,0.298184,"Периферия: пороги специальных ролей не достигнуты; in=1, out=1, depth=3."
1719,peripheral,0.35,37,0.304456,"Периферия: пороги специальных ролей не достигнуты; in=1, out=1, depth=3."
1720,peripheral,0.35,37,0.300496,"Периферия: пороги специальных ролей не достигнуты; in=1, out=1, depth=3."
1721,peripheral,0.35,38,0.307182,"Периферия: пороги специальных ролей не достигнуты; in=1, out=1, depth=3."
1722,peripheral,0.35,38,0.284984,"Периферия: пороги специальных ролей не достигнуты; in=1, out=1, depth=3."
1723,peripheral,0.35,38,0.308708,"Периферия: пороги специальных ролей не достигнуты; in=1, out=1, depth=3."
1724,peripheral,0.35,38,0.304333,"Периферия: пороги специальных ролей не достигнуты; in=1, out=1, depth=3."
1725,peripheral,0.35,39,0.310737,"Периферия: пороги специальных ролей не достигнуты; in=1, out=1, depth=3."
1726,peripheral,0.35,40,0.306599,"Периферия: пороги специальных ролей не достигнуты; in=1, out=1, depth=3."
1727,peripheral,0.35,36,0.312723,"Периферия: пороги специальных ролей не достигнуты; in=1, out=1, depth=3."
1728,peripheral,0.35,41,0.308496,"Периферия: пороги специальных ролей не достигнуты; in=1, out=1, depth=3."
1729,peripheral,0.35,42,0.315034,"Периферия: пороги специальных ролей не достигнуты; in=1, out=1, depth=3."
1730,peripheral,0.35,43,0.310392,"Периферия: пороги специальных ролей не достигнуты; in=1, out=1, depth=3."
1731,peripheral,0.35,44,0.316975,"Периферия: пороги специальных ролей не достигнуты; in=1, out=1, depth=3."
1732,peripheral,0.35,45,0.392796,"Периферия: пороги специальных ролей не достигнуты; in=1, out=1, depth=3."
1733,peripheral,0.35,29,0.40009,"Периферия: пороги специальных ролей не достигнуты; in=1, out=1, depth=3."
1734,peripheral,0.35,46,0.393626,"Периферия: пороги специальных ролей не достигнуты; in=1, out=1, depth=3."
1735,peripheral,0.35,47,0.40092,"Периферия: пороги специальных ролей не достигнуты; in=1, out=1, depth=3."
1736,peripheral,0.35,48,0.394411,"Периферия: пороги специальных ролей не достигнуты; in=1, out=1, depth=3."
1737,peripheral,0.35,49,0.401705,"Периферия: пороги специальных ролей не достигнуты; in=1, out=1, depth=3."
1738,peripheral,0.35,50,0.398204,"Периферия: пороги специальных ролей не достигнуты; in=1, out=1, depth=3."
1739,peripheral,0.35,51,0.404083,"Периферия: пороги специальных ролей не достигнуты; in=1, out=1, depth=3."
1740,peripheral,0.35,32,0.39973,"Периферия: пороги специальных ролей не достигнуты; in=1, out=1, depth=3."
1741,peripheral,0.35,52,0.402668,"Периферия: пороги специальных ролей не достигнуты; in=1, out=1, depth=3."
1742,peripheral,0.35,53,0.40056,"Периферия: пороги специальных ролей не достигнуты; in=1, out=1, depth=3."
1743,peripheral,0.35,54,0.406416,"Периферия: пороги специальных ролей не достигнуты; in=1, out=1, depth=3."
1744,peripheral,0.35,55,0.402086,"Периферия: пороги специальных ролей не достигнуты; in=1, out=1, depth=3."
1745,peripheral,0.35,56,0.407987,"Периферия: пороги специальных ролей не достигнуты; in=1, out=1, depth=3."
1746,peripheral,0.35,57,0.403612,"Периферия: пороги специальных ролей не достигнуты; in=1, out=1, depth=3."
1747,peripheral,0.35,30,0.289952,"Периферия: пороги специальных ролей не достигнуты; in=1, out=1, depth=3."
1748,peripheral,0.35,30,0.264922,"Периферия: пороги специальных ролей не достигнуты; in=1, out=1, depth=3."
1749,peripheral,0.35,30,0.288348,"Периферия: пороги специальных ролей не достигнуты; in=1, out=1, depth=3."
1750,peripheral,0.35,31,0.267202,"Периферия: пороги специальных ролей не достигнуты; in=1, out=1, depth=3."
1751,terminal,0.917778,31,0.500114,"Гипотеза терминального поведения: depth=3, in=1, out=0, удержание наблюдаемого входа 100%; узел не на границе depth=4."
1752,terminal,0.90963,32,0.491137,"Гипотеза терминального поведения: depth=3, in=1, out=0, удержание наблюдаемого входа 100%; узел не на границе depth=4."
1753,peripheral,0.35,32,0.291398,"Периферия: пороги специальных ролей не достигнуты; in=1, out=1, depth=3."
1754,terminal,0.908148,32,0.490589,"Гипотеза терминального поведения: depth=3, in=1, out=0, удержание наблюдаемого входа 100%; узел не на границе depth=4."
1755,terminal,0.914444,32,0.498791,"Гипотеза терминального поведения: depth=3, in=1, out=0, удержание наблюдаемого входа 100%; узел не на границе depth=4."
1756,terminal,0.908519,33,0.490726,"Гипотеза терминального поведения: depth=3, in=1, out=0, удержание наблюдаемого входа 100%; узел не на границе depth=4."
1757,terminal,0.914815,33,0.498928,"Гипотеза терминального поведения: depth=3, in=1, out=0, удержание наблюдаемого входа 100%; узел не на границе depth=4."
1758,terminal,0.908889,33,0.490863,"Гипотеза терминального поведения: depth=3, in=1, out=0, удержание наблюдаемого входа 100%; узел не на границе depth=4."
1759,terminal,0.915185,33,0.499065,"Гипотеза терминального поведения: depth=3, in=1, out=0, удержание наблюдаемого входа 100%; узел не на границе depth=4."
1760,terminal,0.909259,34,0.491,"Гипотеза терминального поведения: depth=3, in=1, out=0, удержание наблюдаемого входа 100%; узел не на границе depth=4."
1761,terminal,0.915556,34,0.499247,"Гипотеза терминального поведения: depth=3, in=1, out=0, удержание наблюдаемого входа 100%; узел не на границе depth=4."
1762,peripheral,0.35,34,0.279682,"Периферия: пороги специальных ролей не достигнуты; in=1, out=1, depth=3."
1763,terminal,0.915926,34,0.500124,"Гипотеза терминального поведения: depth=3, in=1, out=0, удержание наблюдаемого входа 100%; узел не на границе depth=4."
1764,terminal,0.91,35,0.497941,"Гипотеза терминального поведения: depth=3, in=1, out=0, удержание наблюдаемого входа 100%; узел не на границе depth=4."
1765,terminal,0.916296,35,0.501743,"Гипотеза терминального поведения: depth=3, in=1, out=0, удержание наблюдаемого входа 100%; узел не на границе depth=4."
1766,terminal,0.91037,35,0.491411,"Гипотеза терминального поведения: depth=3, in=1, out=0, удержание наблюдаемого входа 100%; узел не на границе depth=4."
1767,terminal,0.916667,35,0.499658,"Гипотеза терминального поведения: depth=3, in=1, out=0, удержание наблюдаемого входа 100%; узел не на границе depth=4."
1768,terminal,0.910741,36,0.5034,"Гипотеза терминального поведения: depth=3, in=1, out=0, удержание наблюдаемого входа 100%; узел не на границе depth=4."
1769,terminal,0.917037,36,0.508684,"Гипотеза терминального поведения: depth=3, in=1, out=0, удержание наблюдаемого входа 100%; узел не на границе depth=4."
1770,terminal,0.911111,36,0.491685,"Гипотеза терминального поведения: depth=3, in=1, out=0, удержание наблюдаемого входа 100%; узел не на границе depth=4."
1771,terminal,0.907407,36,0.48898,"Гипотеза терминального поведения: depth=3, in=1, out=0, удержание наблюдаемого входа 100%; узел не на границе depth=4."
1772,terminal,0.911481,37,0.491822,"Гипотеза терминального поведения: depth=3, in=1, out=0, удержание наблюдаемого входа 100%; узел не на границе depth=4."
1773,terminal,0.917407,37,0.514791,"Гипотеза терминального поведения: depth=3, in=1, out=0, удержание наблюдаемого входа 100%; узел не на границе depth=4."
1774,terminal,0.911852,37,0.49196,"Гипотеза терминального поведения: depth=3, in=1, out=0, удержание наблюдаемого входа 100%; узел не на границе depth=4."
1775,peripheral,0.35,37,0.296984,"Периферия: пороги специальных ролей не достигнуты; in=1, out=1, depth=3."
1776,terminal,0.912222,38,0.508393,"Гипотеза терминального поведения: depth=3, in=1, out=0, удержание наблюдаемого входа 100%; узел не на границе depth=4."
1777,terminal,0.918148,38,0.510251,"Гипотеза терминального поведения: depth=3, in=1, out=0, удержание наблюдаемого входа 100%; узел не на границе depth=4."
1778,terminal,0.912593,38,0.497049,"Гипотеза терминального поведения: depth=3, in=1, out=0, удержание наблюдаемого входа 100%; узел не на границе depth=4."
1779,terminal,0.918519,38,0.518951,"Гипотеза терминального поведения: depth=3, in=1, out=0, удержание наблюдаемого входа 100%; узел не на границе depth=4."
1780,terminal,0.912963,39,0.500149,"Гипотеза терминального поведения: depth=3, in=1, out=0, удержание наблюдаемого входа 100%; узел не на границе depth=4."
1781,terminal,0.918889,40,0.522051,"Гипотеза терминального поведения: depth=3, in=1, out=0, удержание наблюдаемого входа 100%; узел не на границе depth=4."
1782,terminal,0.931481,36,0.616938,"Гипотеза терминального поведения: depth=3, in=2, out=0, удержание наблюдаемого входа 100%; узел не на границе depth=4."
1783,terminal,0.919259,41,0.513669,"Гипотеза терминального поведения: depth=3, in=1, out=0, удержание наблюдаемого входа 100%; узел не на границе depth=4."
1784,terminal,0.913333,42,0.519175,"Гипотеза терминального поведения: depth=3, in=1, out=0, удержание наблюдаемого входа 100%; узел не на границе depth=4."
1785,terminal,0.91963,43,0.523806,"Гипотеза терминального поведения: depth=3, in=1, out=0, удержание наблюдаемого входа 100%; узел не на границе depth=4."
1786,terminal,0.913704,44,0.506393,"Гипотеза терминального поведения: depth=3, in=1, out=0, удержание наблюдаемого входа 100%; узел не на границе depth=4."
1787,peripheral,0.35,60,0.319186,"Периферия: пороги специальных ролей не достигнуты; in=1, out=1, depth=3."
1788,peripheral,0.35,61,0.386877,"Периферия: пороги специальных ролей не достигнуты; in=1, out=1, depth=3."
1789,peripheral,0.35,60,0.319141,"Периферия: пороги специальных ролей не достигнуты; in=1, out=1, depth=3."
1790,terminal,0.970588,61,0.609715,"Гипотеза терминального поведения: depth=3, in=1, out=0, удержание наблюдаемого входа 100%; узел не на границе depth=4."
1791,peripheral,0.35,64,0.333169,"Периферия: пороги специальных ролей не достигнуты; in=1, out=1, depth=3."
1792,peripheral,0.35,65,0.452048,"Периферия: пороги специальных ролей не достигнуты; in=1, out=1, depth=3."
1793,terminal,0.907692,64,0.544887,"Гипотеза терминального поведения: depth=3, in=1, out=0, удержание наблюдаемого входа 100%; узел не на границе depth=4."
1794,peripheral,0.35,68,0.349402,"Периферия: пороги специальных ролей не достигнуты; in=1, out=1, depth=3."
1795,peripheral,0.35,68,0.364727,"Периферия: пороги специальных ролей не достигнуты; in=1, out=1, depth=3."
1796,peripheral,0.35,70,0.376285,"Периферия: пороги специальных ролей не достигнуты; in=1, out=1, depth=3."
1797,peripheral,0.35,71,0.39955,"Периферия: пороги специальных ролей не достигнуты; in=1, out=1, depth=3."
1798,peripheral,0.35,74,0.350568,"Периферия: пороги специальных ролей не достигнуты; in=1, out=1, depth=3."
1799,terminal,0.922222,74,0.564127,"Гипотеза терминального поведения: depth=3, in=1, out=0, удержание наблюдаемого входа 100%; узел не на границе depth=4."
1800,peripheral,0.35,76,0.417077,"Периферия: пороги специальных ролей не достигнуты; in=1, out=1, depth=3."
1801,peripheral,0.35,79,0.40762,"Периферия: пороги специальных ролей не достигнуты; in=1, out=1, depth=3."
1802,terminal,0.942857,78,0.590943,"Гипотеза терминального поведения: depth=3, in=1, out=0, удержание наблюдаемого входа 100%; узел не на границе depth=4."
1803,peripheral,0.35,81,0.410523,"Периферия: пороги специальных ролей не достигнуты; in=1, out=1, depth=3."
1804,terminal,0.96,83,0.73874,"Гипотеза терминального поведения: depth=3, in=1, out=0, удержание наблюдаемого входа 100%; узел не на границе depth=4."
1805,peripheral,0.3,0,0.338111,Периферия: depth=4 — граница выгрузки; out=0 не трактуется как оседание средств.
1806,peripheral,0.3,28,0.324014,Периферия: depth=4 — граница выгрузки; out=0 не трактуется как оседание средств.
1807,peripheral,0.3,28,0.262233,Периферия: depth=4 — граница выгрузки; out=0 не трактуется как оседание средств.
1808,peripheral,0.3,28,0.17596,Периферия: depth=4 — граница выгрузки; out=0 не трактуется как оседание средств.
1809,peripheral,0.3,28,0.274637,Периферия: depth=4 — граница выгрузки; out=0 не трактуется как оседание средств.
1810,peripheral,0.3,11,0.274954,Периферия: depth=4 — граница выгрузки; out=0 не трактуется как оседание средств.
1811,peripheral,0.3,28,0.278219,Периферия: depth=4 — граница выгрузки; out=0 не трактуется как оседание средств.
1812,peripheral,0.3,17,0.344553,Периферия: depth=4 — граница выгрузки; out=0 не трактуется как оседание средств.
1813,peripheral,0.3,1,0.279168,Периферия: depth=4 — граница выгрузки; out=0 не трактуется как оседание средств.
1814,peripheral,0.3,1,0.299073,Периферия: depth=4 — граница выгрузки; out=0 не трактуется как оседание средств.
1815,peripheral,0.3,5,0.306864,Периферия: depth=4 — граница выгрузки; out=0 не трактуется как оседание средств.
1816,peripheral,0.3,0,0.339526,Периферия: depth=4 — граница выгрузки; out=0 не трактуется как оседание средств.
1817,peripheral,0.3,21,0.164541,Периферия: depth=4 — граница выгрузки; out=0 не трактуется как оседание средств.
1818,peripheral,0.3,6,0.301378,Периферия: depth=4 — граница выгрузки; out=0 не трактуется как оседание средств.
1819,peripheral,0.3,6,0.314862,Периферия: depth=4 — граница выгрузки; out=0 не трактуется как оседание средств.
1820,peripheral,0.3,21,0.328722,Периферия: depth=4 — граница выгрузки; out=0 не трактуется как оседание средств.
1821,peripheral,0.3,1,0.174513,Периферия: depth=4 — граница выгрузки; out=0 не трактуется как оседание средств.
1822,peripheral,0.3,23,0.347839,Периферия: depth=4 — граница выгрузки; out=0 не трактуется как оседание средств.
1823,peripheral,0.3,17,0.320854,Периферия: depth=4 — граница выгрузки; out=0 не трактуется как оседание средств.
1824,peripheral,0.3,6,0.338515,Периферия: depth=4 — граница выгрузки; out=0 не трактуется как оседание средств.
1825,peripheral,0.3,1,0.26821,Периферия: depth=4 — граница выгрузки; out=0 не трактуется как оседание средств.
1826,peripheral,0.3,23,0.289211,Периферия: depth=4 — граница выгрузки; out=0 не трактуется как оседание средств.
1827,peripheral,0.3,4,0.26549,Периферия: depth=4 — граница выгрузки; out=0 не трактуется как оседание средств.
1828,peripheral,0.3,22,0.342404,Периферия: depth=4 — граница выгрузки; out=0 не трактуется как оседание средств.
1829,peripheral,0.3,4,0.296876,Периферия: depth=4 — граница выгрузки; out=0 не трактуется как оседание средств.
1830,peripheral,0.3,8,0.289937,Периферия: depth=4 — граница выгрузки; out=0 не трактуется как оседание средств.
1831,peripheral,0.3,8,0.290735,Периферия: depth=4 — граница выгрузки; out=0 не трактуется как оседание средств.
1832,peripheral,0.3,8,0.35581,Периферия: depth=4 — граница выгрузки; out=0 не трактуется как оседание средств.
1833,peripheral,0.3,8,0.270152,Периферия: depth=4 — граница выгрузки; out=0 не трактуется как оседание средств.
1834,peripheral,0.3,20,0.293468,Периферия: depth=4 — граница выгрузки; out=0 не трактуется как оседание средств.
1835,peripheral,0.3,7,0.278614,Периферия: depth=4 — граница выгрузки; out=0 не трактуется как оседание средств.
1836,peripheral,0.3,18,0.342957,Периферия: depth=4 — граница выгрузки; out=0 не трактуется как оседание средств.
1837,peripheral,0.3,1,0.274043,Периферия: depth=4 — граница выгрузки; out=0 не трактуется как оседание средств.
1838,peripheral,0.3,1,0.185754,Периферия: depth=4 — граница выгрузки; out=0 не трактуется как оседание средств.
1839,peripheral,0.3,1,0.282316,Периферия: depth=4 — граница выгрузки; out=0 не трактуется как оседание средств.
1840,peripheral,0.3,3,0.31157,Периферия: depth=4 — граница выгрузки; out=0 не трактуется как оседание средств.
1841,peripheral,0.3,2,0.269758,Периферия: depth=4 — граница выгрузки; out=0 не трактуется как оседание средств.
1842,peripheral,0.3,16,0.320392,Периферия: depth=4 — граница выгрузки; out=0 не трактуется как оседание средств.
1843,peripheral,0.3,3,0.31638,Периферия: depth=4 — граница выгрузки; out=0 не трактуется как оседание средств.
1844,peripheral,0.3,5,0.329156,Периферия: depth=4 — граница выгрузки; out=0 не трактуется как оседание средств.
1845,peripheral,0.3,11,0.288341,Периферия: depth=4 — граница выгрузки; out=0 не трактуется как оседание средств.
1846,peripheral,0.3,5,0.318058,Периферия: depth=4 — граница выгрузки; out=0 не трактуется как оседание средств.
1847,peripheral,0.3,5,0.303598,Периферия: depth=4 — граница выгрузки; out=0 не трактуется как оседание средств.
1848,peripheral,0.3,1,0.34653,Периферия: depth=4 — граница выгрузки; out=0 не трактуется как оседание средств.
1849,peripheral,0.3,1,0.282663,Периферия: depth=4 — граница выгрузки; out=0 не трактуется как оседание средств.
1850,peripheral,0.3,1,0.347277,Периферия: depth=4 — граница выгрузки; out=0 не трактуется как оседание средств.
1851,peripheral,0.3,1,0.317495,Периферия: depth=4 — граница выгрузки; out=0 не трактуется как оседание средств.
1852,peripheral,0.3,2,0.330327,Периферия: depth=4 — граница выгрузки; out=0 не трактуется как оседание средств.
1853,peripheral,0.3,2,0.27408,Периферия: depth=4 — граница выгрузки; out=0 не трактуется как оседание средств.
1854,peripheral,0.3,3,0.330493,Периферия: depth=4 — граница выгрузки; out=0 не трактуется как оседание средств.
1855,peripheral,0.3,6,0.314461,Периферия: depth=4 — граница выгрузки; out=0 не трактуется как оседание средств.
1856,peripheral,0.3,1,0.350999,Периферия: depth=4 — граница выгрузки; out=0 не трактуется как оседание средств.
1857,peripheral,0.3,1,0.283916,Периферия: depth=4 — граница выгрузки; out=0 не трактуется как оседание средств.
1858,peripheral,0.3,1,0.304269,Периферия: depth=4 — граница выгрузки; out=0 не трактуется как оседание средств.
1859,peripheral,0.3,1,0.283773,Периферия: depth=4 — граница выгрузки; out=0 не трактуется как оседание средств.
1860,peripheral,0.3,1,0.304397,Периферия: depth=4 — граница выгрузки; out=0 не трактуется как оседание средств.
1861,peripheral,0.3,2,0.340362,Периферия: depth=4 — граница выгрузки; out=0 не трактуется как оседание средств.
1862,peripheral,0.3,9,0.331052,Периферия: depth=4 — граница выгрузки; out=0 не трактуется как оседание средств.
1863,peripheral,0.3,9,0.289918,Периферия: depth=4 — граница выгрузки; out=0 не трактуется как оседание средств.
1864,peripheral,0.3,7,0.324076,Периферия: depth=4 — граница выгрузки; out=0 не трактуется как оседание средств.
1865,peripheral,0.3,7,0.289457,Периферия: depth=4 — граница выгрузки; out=0 не трактуется как оседание средств.
1866,peripheral,0.3,10,0.342904,Периферия: depth=4 — граница выгрузки; out=0 не трактуется как оседание средств.
1867,peripheral,0.3,10,0.29158,Периферия: depth=4 — граница выгрузки; out=0 не трактуется как оседание средств.
1868,peripheral,0.3,10,0.344958,Периферия: depth=4 — граница выгрузки; out=0 не трактуется как оседание средств.
1869,peripheral,0.3,10,0.295509,Периферия: depth=4 — граница выгрузки; out=0 не трактуется как оседание средств.
1870,peripheral,0.3,0,0.323804,Периферия: depth=4 — граница выгрузки; out=0 не трактуется как оседание средств.
1871,peripheral,0.3,0,0.29031,Периферия: depth=4 — граница выгрузки; out=0 не трактуется как оседание средств.
1872,peripheral,0.3,0,0.32425,Периферия: depth=4 — граница выгрузки; out=0 не трактуется как оседание средств.
1873,peripheral,0.3,0,0.29059,Периферия: depth=4 — граница выгрузки; out=0 не трактуется как оседание средств.
1874,peripheral,0.3,11,0.21229,Периферия: depth=4 — граница выгрузки; out=0 не трактуется как оседание средств.
1875,peripheral,0.3,11,0.317204,Периферия: depth=4 — граница выгрузки; out=0 не трактуется как оседание средств.
1876,peripheral,0.3,11,0.324726,Периферия: depth=4 — граница выгрузки; out=0 не трактуется как оседание средств.
1877,peripheral,0.3,11,0.175138,Периферия: depth=4 — граница выгрузки; out=0 не трактуется как оседание средств.
1878,peripheral,0.3,0,0.310251,Периферия: depth=4 — граница выгрузки; out=0 не трактуется как оседание средств.
1879,peripheral,0.3,0,0.323328,Периферия: depth=4 — граница выгрузки; out=0 не трактуется как оседание средств.
1880,peripheral,0.3,0,0.358753,Периферия: depth=4 — граница выгрузки; out=0 не трактуется как оседание средств.
1881,peripheral,0.3,0,0.268521,Периферия: depth=4 — граница выгрузки; out=0 не трактуется как оседание средств.
1882,peripheral,0.3,0,0.322913,Периферия: depth=4 — граница выгрузки; out=0 не трактуется как оседание средств.
1883,peripheral,0.3,0,0.289442,Периферия: depth=4 — граница выгрузки; out=0 не трактуется как оседание средств.
1884,peripheral,0.3,0,0.323842,Периферия: depth=4 — граница выгрузки; out=0 не трактуется как оседание средств.
1885,peripheral,0.3,23,0.164541,Периферия: depth=4 — граница выгрузки; out=0 не трактуется как оседание средств.
1886,peripheral,0.3,0,0.328361,Периферия: depth=4 — граница выгрузки; out=0 не трактуется как оседание средств.
1887,peripheral,0.3,0,0.279854,Периферия: depth=4 — граница выгрузки; out=0 не трактуется как оседание средств.
1888,peripheral,0.3,0,0.366543,Периферия: depth=4 — граница выгрузки; out=0 не трактуется как оседание средств.
1889,peripheral,0.3,0,0.186524,Периферия: depth=4 — граница выгрузки; out=0 не трактуется как оседание средств.
1890,peripheral,0.3,0,0.319623,Периферия: depth=4 — граница выгрузки; out=0 не трактуется как оседание средств.
1891,peripheral,0.3,0,0.269378,Периферия: depth=4 — граница выгрузки; out=0 не трактуется как оседание средств.
1892,peripheral,0.3,18,0.356776,Периферия: depth=4 — граница выгрузки; out=0 не трактуется как оседание средств.
1893,peripheral,0.3,0,0.189815,Периферия: depth=4 — граница выгрузки; out=0 не трактуется как оседание средств.
1894,peripheral,0.3,0,0.343449,Периферия: depth=4 — граница выгрузки; out=0 не трактуется как оседание средств.
1895,peripheral,0.3,20,0.29715,Периферия: depth=4 — граница выгрузки; out=0 не трактуется как оседание средств.
1896,peripheral,0.3,0,0.324462,Периферия: depth=4 — граница выгрузки; out=0 не трактуется как оседание средств.
1897,peripheral,0.3,0,0.290794,Периферия: depth=4 — граница выгрузки; out=0 не трактуется как оседание средств.
1898,peripheral,0.3,0,0.325444,Периферия: depth=4 — граница выгрузки; out=0 не трактуется как оседание средств.
1899,peripheral,0.3,12,0.310696,Периферия: depth=4 — граница выгрузки; out=0 не трактуется как оседание средств.
1900,peripheral,0.3,12,0.284165,Периферия: depth=4 — граница выгрузки; out=0 не трактуется как оседание средств.
1901,peripheral,0.3,19,0.335157,Периферия: depth=4 — граница выгрузки; out=0 не трактуется как оседание средств.
1902,peripheral,0.3,12,0.342195,Периферия: depth=4 — граница выгрузки; out=0 не трактуется как оседание средств.
1903,peripheral,0.3,12,0.2836,Периферия: depth=4 — граница выгрузки; out=0 не трактуется как оседание средств.
1904,peripheral,0.3,10,0.320356,Периферия: depth=4 — граница выгрузки; out=0 не трактуется как оседание средств.
1905,peripheral,0.3,17,0.283818,Периферия: depth=4 — граница выгрузки; out=0 не трактуется как оседание средств.
1906,peripheral,0.3,0,0.299037,Периферия: depth=4 — граница выгрузки; out=0 не трактуется как оседание средств.
1907,peripheral,0.3,8,0.325345,Периферия: depth=4 — граница выгрузки; out=0 не трактуется как оседание средств.
1908,peripheral,0.3,0,0.212645,Периферия: depth=4 — граница выгрузки; out=0 не трактуется как оседание средств.
1909,peripheral,0.3,0,0.291621,Периферия: depth=4 — граница выгрузки; out=0 не трактуется как оседание средств.
1910,peripheral,0.3,0,0.325093,Периферия: depth=4 — граница выгрузки; out=0 не трактуется как оседание средств.
1911,peripheral,0.3,0,0.26971,Периферия: depth=4 — граница выгрузки; out=0 не трактуется как оседание средств.
1912,peripheral,0.3,0,0.212622,Периферия: depth=4 — граница выгрузки; out=0 не трактуется как оседание средств.
1913,peripheral,0.3,0,0.27613,Периферия: depth=4 — граница выгрузки; out=0 не трактуется как оседание средств.
1914,peripheral,0.3,3,0.279512,Периферия: depth=4 — граница выгрузки; out=0 не трактуется как оседание средств.
1915,peripheral,0.3,3,0.282377,Периферия: depth=4 — граница выгрузки; out=0 не трактуется как оседание средств.
1916,peripheral,0.3,18,0.295694,Периферия: depth=4 — граница выгрузки; out=0 не трактуется как оседание средств.
1917,peripheral,0.3,0,0.289269,Периферия: depth=4 — граница выгрузки; out=0 не трактуется как оседание средств.
1918,peripheral,0.3,4,0.324554,Периферия: depth=4 — граница выгрузки; out=0 не трактуется как оседание средств.
1919,peripheral,0.3,4,0.269166,Периферия: depth=4 — граница выгрузки; out=0 не трактуется как оседание средств.
1920,peripheral,0.3,18,0.307668,Периферия: depth=4 — граница выгрузки; out=0 не трактуется как оседание средств.
1921,peripheral,0.3,15,0.289179,Периферия: depth=4 — граница выгрузки; out=0 не трактуется как оседание средств.
1922,peripheral,0.3,6,0.311434,Периферия: depth=4 — граница выгрузки; out=0 не трактуется как оседание средств.
1923,peripheral,0.3,6,0.2786,Периферия: depth=4 — граница выгрузки; out=0 не трактуется как оседание средств.
1924,peripheral,0.3,7,0.290346,Периферия: depth=4 — граница выгрузки; out=0 не трактуется как оседание средств.
1925,peripheral,0.3,7,0.27971,Периферия: depth=4 — граница выгрузки; out=0 не трактуется как оседание средств.
1926,peripheral,0.3,13,0.36824,Периферия: depth=4 — граница выгрузки; out=0 не трактуется как оседание средств.
1927,peripheral,0.3,13,0.280396,Периферия: depth=4 — граница выгрузки; out=0 не трактуется как оседание средств.
1928,peripheral,0.3,13,0.314933,Периферия: depth=4 — граница выгрузки; out=0 не трактуется как оседание средств.
1929,peripheral,0.3,4,0.355552,Периферия: depth=4 — граница выгрузки; out=0 не трактуется как оседание средств.
1930,peripheral,0.3,13,0.3338,Периферия: depth=4 — граница выгрузки; out=0 не трактуется как оседание средств.
1931,peripheral,0.3,13,0.266855,Периферия: depth=4 — граница выгрузки; out=0 не трактуется как оседание средств.
1932,peripheral,0.3,4,0.320565,Периферия: depth=4 — граница выгрузки; out=0 не трактуется как оседание средств.
1933,peripheral,0.3,4,0.272419,Периферия: depth=4 — граница выгрузки; out=0 не трактуется как оседание средств.
1934,peripheral,0.3,14,0.335844,Периферия: depth=4 — граница выгрузки; out=0 не трактуется как оседание средств.
1935,peripheral,0.3,14,0.268033,Периферия: depth=4 — граница выгрузки; out=0 не трактуется как оседание средств.
1936,peripheral,0.3,14,0.32776,Периферия: depth=4 — граница выгрузки; out=0 не трактуется как оседание средств.
1937,peripheral,0.3,14,0.275761,Периферия: depth=4 — граница выгрузки; out=0 не трактуется как оседание средств.
1938,peripheral,0.3,14,0.359934,Периферия: depth=4 — граница выгрузки; out=0 не трактуется как оседание средств.
1939,peripheral,0.3,14,0.27857,Периферия: depth=4 — граница выгрузки; out=0 не трактуется как оседание средств.
1940,peripheral,0.3,15,0.339245,Периферия: depth=4 — граница выгрузки; out=0 не трактуется как оседание средств.
1941,peripheral,0.3,15,0.269152,Периферия: depth=4 — граница выгрузки; out=0 не трактуется как оседание средств.
1942,peripheral,0.3,2,0.176263,Периферия: depth=4 — граница выгрузки; out=0 не трактуется как оседание средств.
1943,peripheral,0.3,2,0.307621,Периферия: depth=4 — граница выгрузки; out=0 не трактуется как оседание средств.
1944,peripheral,0.3,9,0.31536,Периферия: depth=4 — граница выгрузки; out=0 не трактуется как оседание средств.
1945,peripheral,0.3,9,0.298223,Периферия: depth=4 — граница выгрузки; out=0 не трактуется как оседание средств.
1946,peripheral,0.3,9,0.314126,Периферия: depth=4 — граница выгрузки; out=0 не трактуется как оседание средств.
1947,peripheral,0.3,9,0.266802,Периферия: depth=4 — граница выгрузки; out=0 не трактуется как оседание средств.
1948,peripheral,0.3,9,0.3571,Периферия: depth=4 — граница выгрузки; out=0 не трактуется как оседание средств.
1949,peripheral,0.3,9,0.265684,Периферия: depth=4 — граница выгрузки; out=0 не трактуется как оседание средств.
1950,peripheral,0.3,16,0.340586,Периферия: depth=4 — граница выгрузки; out=0 не трактуется как оседание средств.
1951,peripheral,0.3,16,0.17719,Периферия: depth=4 — граница выгрузки; out=0 не трактуется как оседание средств.
1952,peripheral,0.3,6,0.305326,Периферия: depth=4 — граница выгрузки; out=0 не трактуется как оседание средств.
1953,peripheral,0.3,6,0.275617,Периферия: depth=4 — граница выгрузки; out=0 не трактуется как оседание средств.
1954,peripheral,0.3,7,0.31165,Периферия: depth=4 — граница выгрузки; out=0 не трактуется как оседание средств.
1955,peripheral,0.3,7,0.278427,Периферия: depth=4 — граница выгрузки; out=0 не трактуется как оседание средств.
1956,peripheral,0.3,17,0.314149,Периферия: depth=4 — граница выгрузки; out=0 не трактуется как оседание средств.
1957,peripheral,0.3,3,0.303185,Периферия: depth=4 — граница выгрузки; out=0 не трактуется как оседание средств.
1958,peripheral,0.3,17,0.346864,Периферия: depth=4 — граница выгрузки; out=0 не трактуется как оседание средств.
1959,peripheral,0.3,17,0.168171,Периферия: depth=4 — граница выгрузки; out=0 не трактуется как оседание средств.
1960,peripheral,0.3,17,0.330693,Периферия: depth=4 — граница выгрузки; out=0 не трактуется как оседание средств.
1961,peripheral,0.3,11,0.312694,Периферия: depth=4 — граница выгрузки; out=0 не трактуется как оседание средств.
1962,peripheral,0.3,15,0.350198,Периферия: depth=4 — граница выгрузки; out=0 не трактуется как оседание средств.
1963,peripheral,0.3,15,0.263905,Периферия: depth=4 — граница выгрузки; out=0 не трактуется как оседание средств.
1964,peripheral,0.3,15,0.355117,Периферия: depth=4 — граница выгрузки; out=0 не трактуется как оседание средств.
1965,peripheral,0.3,15,0.279959,Периферия: depth=4 — граница выгрузки; out=0 не трактуется как оседание средств.
1966,peripheral,0.3,18,0.358041,Периферия: depth=4 — граница выгрузки; out=0 не трактуется как оседание средств.
1967,peripheral,0.3,18,0.309107,Периферия: depth=4 — граница выгрузки; out=0 не трактуется как оседание средств.
1968,peripheral,0.3,11,0.306625,Периферия: depth=4 — граница выгрузки; out=0 не трактуется как оседание средств.
1969,peripheral,0.3,11,0.191405,Периферия: depth=4 — граница выгрузки; out=0 не трактуется как оседание средств.
1970,peripheral,0.3,11,0.289375,Периферия: depth=4 — граница выгрузки; out=0 не трактуется как оседание средств.
1971,peripheral,0.3,11,0.294818,Периферия: depth=4 — граница выгрузки; out=0 не трактуется как оседание средств.
1972,peripheral,0.3,2,0.338551,Периферия: depth=4 — граница выгрузки; out=0 не трактуется как оседание средств.
1973,peripheral,0.3,2,0.265446,Периферия: depth=4 — граница выгрузки; out=0 не трактуется как оседание средств.
1974,peripheral,0.3,3,0.295838,Периферия: depth=4 — граница выгрузки; out=0 не трактуется как оседание средств.
1975,peripheral,0.3,3,0.273631,Периферия: depth=4 — граница выгрузки; out=0 не трактуется как оседание средств.
1976,peripheral,0.3,19,0.331113,Периферия: depth=4 — граница выгрузки; out=0 не трактуется как оседание средств.
1977,peripheral,0.3,19,0.293555,Периферия: depth=4 — граница выгрузки; out=0 не трактуется как оседание средств.
1978,peripheral,0.3,5,0.326891,Периферия: depth=4 — граница выгрузки; out=0 не трактуется как оседание средств.
1979,peripheral,0.3,14,0.325842,Периферия: depth=4 — граница выгрузки; out=0 не трактуется как оседание средств.
1980,peripheral,0.3,13,0.35475,Периферия: depth=4 — граница выгрузки; out=0 не трактуется как оседание средств.
1981,peripheral,0.3,5,0.279273,Периферия: depth=4 — граница выгрузки; out=0 не трактуется как оседание средств.
1982,peripheral,0.3,17,0.174183,Периферия: depth=4 — граница выгрузки; out=0 не трактуется как оседание средств.
1983,peripheral,0.3,27,0.281015,Периферия: depth=4 — граница выгрузки; out=0 не трактуется как оседание средств.
1984,peripheral,0.3,7,0.316074,Периферия: depth=4 — граница выгрузки; out=0 не трактуется как оседание средств.
1985,peripheral,0.3,7,0.281273,Периферия: depth=4 — граница выгрузки; out=0 не трактуется как оседание средств.
1986,peripheral,0.3,20,0.31578,Периферия: depth=4 — граница выгрузки; out=0 не трактуется как оседание средств.
1987,peripheral,0.3,20,0.265688,Периферия: depth=4 — граница выгрузки; out=0 не трактуется как оседание средств.
1988,peripheral,0.3,20,0.337817,Периферия: depth=4 — граница выгрузки; out=0 не трактуется как оседание средств.
1989,peripheral,0.3,20,0.282013,Периферия: depth=4 — граница выгрузки; out=0 не трактуется как оседание средств.
1990,peripheral,0.3,21,0.341105,Периферия: depth=4 — граница выгрузки; out=0 не трактуется как оседание средств.
1991,peripheral,0.3,21,0.273797,Периферия: depth=4 — граница выгрузки; out=0 не трактуется как оседание средств.
1992,peripheral,0.3,21,0.279165,Периферия: depth=4 — граница выгрузки; out=0 не трактуется как оседание средств.
1993,peripheral,0.3,21,0.312362,Периферия: depth=4 — граница выгрузки; out=0 не трактуется как оседание средств.
1994,peripheral,0.3,21,0.30624,Периферия: depth=4 — граница выгрузки; out=0 не трактуется как оседание средств.
1995,peripheral,0.3,21,0.254249,Периферия: depth=4 — граница выгрузки; out=0 не трактуется как оседание средств.
1996,peripheral,0.3,8,0.333905,Периферия: depth=4 — граница выгрузки; out=0 не трактуется как оседание средств.
1997,peripheral,0.3,8,0.279439,Периферия: depth=4 — граница выгрузки; out=0 не трактуется как оседание средств.
1998,peripheral,0.3,22,0.333417,Периферия: depth=4 — граница выгрузки; out=0 не трактуется как оседание средств.
1999,peripheral,0.3,22,0.280986,Периферия: depth=4 — граница выгрузки; out=0 не трактуется как оседание средств.
2000,peripheral,0.3,22,0.279751,Периферия: depth=4 — граница выгрузки; out=0 не трактуется как оседание средств.
2001,peripheral,0.3,22,0.29632,Периферия: depth=4 — граница выгрузки; out=0 не трактуется как оседание средств.
2002,peripheral,0.3,2,0.302633,Периферия: depth=4 — граница выгрузки; out=0 не трактуется как оседание средств.
2003,peripheral,0.3,2,0.282307,Периферия: depth=4 — граница выгрузки; out=0 не трактуется как оседание средств.
2004,peripheral,0.3,3,0.316927,Периферия: depth=4 — граница выгрузки; out=0 не трактуется как оседание средств.
2005,peripheral,0.3,4,0.343681,Периферия: depth=4 — граница выгрузки; out=0 не трактуется как оседание средств.
2006,peripheral,0.3,4,0.367543,Периферия: depth=4 — граница выгрузки; out=0 не трактуется как оседание средств.
2007,peripheral,0.3,1,0.30903,Периферия: depth=4 — граница выгрузки; out=0 не трактуется как оседание средств.
2008,peripheral,0.3,23,0.348428,Периферия: depth=4 — граница выгрузки; out=0 не трактуется как оседание средств.
2009,peripheral,0.3,23,0.275132,Периферия: depth=4 — граница выгрузки; out=0 не трактуется как оседание средств.
2010,peripheral,0.3,5,0.324104,Периферия: depth=4 — граница выгрузки; out=0 не трактуется как оседание средств.
2011,peripheral,0.3,3,0.288786,Периферия: depth=4 — граница выгрузки; out=0 не трактуется как оседание средств.
2012,peripheral,0.3,6,0.310827,Периферия: depth=4 — граница выгрузки; out=0 не трактуется как оседание средств.
2013,peripheral,0.3,6,0.277929,Периферия: depth=4 — граница выгрузки; out=0 не трактуется как оседание средств.
2014,peripheral,0.3,7,0.314429,Периферия: depth=4 — граница выгрузки; out=0 не трактуется как оседание средств.
2015,peripheral,0.3,7,0.185916,Периферия: depth=4 — граница выгрузки; out=0 не трактуется как оседание средств.
2016,peripheral,0.3,8,0.35404,Периферия: depth=4 — граница выгрузки; out=0 не трактуется как оседание средств.
2017,peripheral,0.3,8,0.29266,Периферия: depth=4 — граница выгрузки; out=0 не трактуется как оседание средств.
2018,peripheral,0.3,8,0.208352,Периферия: depth=4 — граница выгрузки; out=0 не трактуется как оседание средств.
2019,peripheral,0.3,8,0.178754,Периферия: depth=4 — граница выгрузки; out=0 не трактуется как оседание средств.
2020,peripheral,0.3,14,0.357683,Периферия: depth=4 — граница выгрузки; out=0 не трактуется как оседание средств.
2021,peripheral,0.3,14,0.268192,Периферия: depth=4 — граница выгрузки; out=0 не трактуется как оседание средств.
2022,peripheral,0.3,14,0.30621,Периферия: depth=4 — граница выгрузки; out=0 не трактуется как оседание средств.
2023,peripheral,0.3,14,0.27601,Периферия: depth=4 — граница выгрузки; out=0 не трактуется как оседание средств.
2024,peripheral,0.3,14,0.312459,Периферия: depth=4 — граница выгрузки; out=0 не трактуется как оседание средств.
2025,peripheral,0.3,14,0.302687,Периферия: depth=4 — граница выгрузки; out=0 не трактуется как оседание средств.
2026,peripheral,0.3,24,0.279835,Периферия: depth=4 — граница выгрузки; out=0 не трактуется как оседание средств.
2027,peripheral,0.3,11,0.332128,Периферия: depth=4 — граница выгрузки; out=0 не трактуется как оседание средств.
2028,peripheral,0.3,24,0.317004,Периферия: depth=4 — граница выгрузки; out=0 не трактуется как оседание средств.
2029,peripheral,0.3,24,0.282338,Периферия: depth=4 — граница выгрузки; out=0 не трактуется как оседание средств.
2030,peripheral,0.3,24,0.317019,Периферия: depth=4 — граница выгрузки; out=0 не трактуется как оседание средств.
2031,peripheral,0.3,24,0.282058,Периферия: depth=4 — граница выгрузки; out=0 не трактуется как оседание средств.
2032,peripheral,0.3,2,0.317524,Периферия: depth=4 — граница выгрузки; out=0 не трактуется как оседание средств.
2033,peripheral,0.3,2,0.266119,Периферия: depth=4 — граница выгрузки; out=0 не трактуется как оседание средств.
2034,peripheral,0.3,3,0.294076,Периферия: depth=4 — граница выгрузки; out=0 не трактуется как оседание средств.
2035,peripheral,0.3,3,0.290372,Периферия: depth=4 — граница выгрузки; out=0 не трактуется как оседание средств.
2036,peripheral,0.3,9,0.340533,Периферия: depth=4 — граница выгрузки; out=0 не трактуется как оседание средств.
2037,peripheral,0.3,9,0.283168,Периферия: depth=4 — граница выгрузки; out=0 не трактуется как оседание средств.
2038,peripheral,0.3,9,0.318076,Периферия: depth=4 — граница выгрузки; out=0 не трактуется как оседание средств.
2039,peripheral,0.3,9,0.283085,Периферия: depth=4 — граница выгрузки; out=0 не трактуется как оседание средств.
2040,peripheral,0.3,5,0.318476,Периферия: depth=4 — граница выгрузки; out=0 не трактуется как оседание средств.
2041,peripheral,0.3,5,0.283757,Периферия: depth=4 — граница выгрузки; out=0 не трактуется как оседание средств.
2042,peripheral,0.3,6,0.318393,Периферия: depth=4 — граница выгрузки; out=0 не трактуется как оседание средств.
2043,peripheral,0.3,6,0.232611,Периферия: depth=4 — граница выгрузки; out=0 не трактуется как оседание средств.
2044,peripheral,0.3,7,0.318688,Периферия: depth=4 — граница выгрузки; out=0 не трактуется как оседание средств.
2045,peripheral,0.3,7,0.266169,Периферия: depth=4 — граница выгрузки; out=0 не трактуется как оседание средств.
2046,peripheral,0.3,9,0.339032,Периферия: depth=4 — граница выгрузки; out=0 не трактуется как оседание средств.
2047,peripheral,0.3,9,0.295865,Периферия: depth=4 — граница выгрузки; out=0 не трактуется как оседание средств.
2048,peripheral,0.3,25,0.311159,Периферия: depth=4 — граница выгрузки; out=0 не трактуется как оседание средств.
2049,peripheral,0.3,25,0.183652,Периферия: depth=4 — граница выгрузки; out=0 не трактуется как оседание средств.
2050,peripheral,0.3,25,0.314932,Периферия: depth=4 — граница выгрузки; out=0 не трактуется как оседание средств.
2051,peripheral,0.3,25,0.280594,Периферия: depth=4 — граница выгрузки; out=0 не трактуется как оседание средств.
2052,peripheral,0.3,4,0.316883,Периферия: depth=4 — граница выгрузки; out=0 не трактуется как оседание средств.
2053,peripheral,0.3,5,0.328988,Периферия: depth=4 — граница выгрузки; out=0 не трактуется как оседание средств.
2054,peripheral,0.3,26,0.338387,Периферия: depth=4 — граница выгрузки; out=0 не трактуется как оседание средств.
2055,peripheral,0.3,26,0.276944,Периферия: depth=4 — граница выгрузки; out=0 не трактуется как оседание средств.
2056,peripheral,0.3,26,0.31326,Периферия: depth=4 — граница выгрузки; out=0 не трактуется как оседание средств.
2057,peripheral,0.3,26,0.267732,Периферия: depth=4 — граница выгрузки; out=0 не трактуется как оседание средств.
2058,peripheral,0.3,7,0.307295,Периферия: depth=4 — граница выгрузки; out=0 не трактуется как оседание средств.
2059,peripheral,0.3,7,0.266231,Периферия: depth=4 — граница выгрузки; out=0 не трактуется как оседание средств.
2060,peripheral,0.3,9,0.358836,Периферия: depth=4 — граница выгрузки; out=0 не трактуется как оседание средств.
2061,peripheral,0.3,7,0.267493,Периферия: depth=4 — граница выгрузки; out=0 не трактуется как оседание средств.
2062,peripheral,0.3,2,0.324833,Периферия: depth=4 — граница выгрузки; out=0 не трактуется как оседание средств.
2063,peripheral,0.3,2,0.282074,Периферия: depth=4 — граница выгрузки; out=0 не трактуется как оседание средств.
2064,peripheral,0.3,11,0.359184,Периферия: depth=4 — граница выгрузки; out=0 не трактуется как оседание средств.
2065,peripheral,0.3,3,0.283856,Периферия: depth=4 — граница выгрузки; out=0 не трактуется как оседание средств.
2066,peripheral,0.3,23,0.339148,Периферия: depth=4 — граница выгрузки; out=0 не трактуется как оседание средств.
2067,peripheral,0.3,23,0.29571,Периферия: depth=4 — граница выгрузки; out=0 не трактуется как оседание средств.
2068,peripheral,0.3,23,0.356635,Периферия: depth=4 — граница выгрузки; out=0 не трактуется как оседание средств.
2069,peripheral,0.3,23,0.18664,Периферия: depth=4 — граница выгрузки; out=0 не трактуется как оседание средств.
2070,peripheral,0.3,23,0.330175,Периферия: depth=4 — граница выгрузки; out=0 не трактуется как оседание средств.
2071,peripheral,0.3,23,0.29457,Периферия: depth=4 — граница выгрузки; out=0 не трактуется как оседание средств.
2072,peripheral,0.3,27,0.319239,Периферия: depth=4 — граница выгрузки; out=0 не трактуется как оседание средств.
2073,peripheral,0.3,27,0.284407,Периферия: depth=4 — граница выгрузки; out=0 не трактуется как оседание средств.
2074,peripheral,0.3,27,0.319557,Периферия: depth=4 — граница выгрузки; out=0 не трактуется как оседание средств.
2075,peripheral,0.3,27,0.283282,Периферия: depth=4 — граница выгрузки; out=0 не трактуется как оседание средств.
2076,peripheral,0.3,27,0.331184,Периферия: depth=4 — граница выгрузки; out=0 не трактуется как оседание средств.
2077,peripheral,0.3,27,0.266413,Периферия: depth=4 — граница выгрузки; out=0 не трактуется как оседание средств.
2078,peripheral,0.3,21,0.342412,Периферия: depth=4 — граница выгрузки; out=0 не трактуется как оседание средств.
2079,peripheral,0.3,21,0.284527,Периферия: depth=4 — граница выгрузки; out=0 не трактуется как оседание средств.
2080,peripheral,0.3,17,0.319473,Периферия: depth=4 — граница выгрузки; out=0 не трактуется как оседание средств.
2081,peripheral,0.3,17,0.303816,Периферия: depth=4 — граница выгрузки; out=0 не трактуется как оседание средств.
2082,peripheral,0.3,4,0.307956,Периферия: depth=4 — граница выгрузки; out=0 не трактуется как оседание средств.
2083,peripheral,0.3,6,0.321889,Периферия: depth=4 — граница выгрузки; out=0 не трактуется как оседание средств.
2084,peripheral,0.3,16,0.324969,Периферия: depth=4 — граница выгрузки; out=0 не трактуется как оседание средств.
2085,peripheral,0.3,16,0.310486,Периферия: depth=4 — граница выгрузки; out=0 не трактуется как оседание средств.
2086,peripheral,0.3,16,0.316526,Периферия: depth=4 — граница выгрузки; out=0 не трактуется как оседание средств.
2087,peripheral,0.3,16,0.282543,Периферия: depth=4 — граница выгрузки; out=0 не трактуется как оседание средств.
2088,peripheral,0.3,16,0.31884,Периферия: depth=4 — граница выгрузки; out=0 не трактуется как оседание средств.
2089,peripheral,0.3,16,0.270406,Периферия: depth=4 — граница выгрузки; out=0 не трактуется как оседание средств.
2090,peripheral,0.3,16,0.353663,Периферия: depth=4 — граница выгрузки; out=0 не трактуется как оседание средств.
2091,peripheral,0.3,16,0.313425,Периферия: depth=4 — граница выгрузки; out=0 не трактуется как оседание средств.
2092,peripheral,0.3,2,0.326868,Периферия: depth=4 — граница выгрузки; out=0 не трактуется как оседание средств.
2093,peripheral,0.3,2,0.298076,Периферия: depth=4 — граница выгрузки; out=0 не трактуется как оседание средств.
2094,peripheral,0.3,3,0.357579,Периферия: depth=4 — граница выгрузки; out=0 не трактуется как оседание средств.
2095,peripheral,0.3,3,0.301576,Периферия: depth=4 — граница выгрузки; out=0 не трактуется как оседание средств.
2096,peripheral,0.3,15,0.33686,Периферия: depth=4 — граница выгрузки; out=0 не трактуется как оседание средств.
2097,peripheral,0.3,15,0.30267,Периферия: depth=4 — граница выгрузки; out=0 не трактуется как оседание средств.
2098,peripheral,0.3,15,0.340102,Периферия: depth=4 — граница выгрузки; out=0 не трактуется как оседание средств.
2099,peripheral,0.3,15,0.265655,Периферия: depth=4 — граница выгрузки; out=0 не трактуется как оседание средств.
2100,peripheral,0.3,5,0.325863,Периферия: depth=4 — граница выгрузки; out=0 не трактуется как оседание средств.
2101,peripheral,0.3,2,0.31979,Периферия: depth=4 — граница выгрузки; out=0 не трактуется как оседание средств.
2102,peripheral,0.3,6,0.341384,Периферия: depth=4 — граница выгрузки; out=0 не трактуется как оседание средств.
2103,peripheral,0.3,18,0.263591,Периферия: depth=4 — граница выгрузки; out=0 не трактуется как оседание средств.
2104,peripheral,0.3,19,0.346738,Периферия: depth=4 — граница выгрузки; out=0 не трактуется как оседание средств.
2105,peripheral,0.3,28,0.35193,Периферия: depth=4 — граница выгрузки; out=0 не трактуется как оседание средств.
2106,peripheral,0.3,27,0.356578,Периферия: depth=4 — граница выгрузки; out=0 не трактуется как оседание средств.
2107,peripheral,0.3,27,0.30218,Периферия: depth=4 — граница выгрузки; out=0 не трактуется как оседание средств.
2108,peripheral,0.3,27,0.341329,Периферия: depth=4 — граница выгрузки; out=0 не трактуется как оседание средств.
2109,peripheral,0.3,27,0.30335,Периферия: depth=4 — граница выгрузки; out=0 не трактуется как оседание средств.
2110,peripheral,0.3,27,0.340684,Периферия: depth=4 — граница выгрузки; out=0 не трактуется как оседание средств.
2111,peripheral,0.3,21,0.333004,Периферия: depth=4 — граница выгрузки; out=0 не трактуется как оседание средств.
2112,peripheral,0.3,4,0.338836,Периферия: depth=4 — граница выгрузки; out=0 не трактуется как оседание средств.
2113,peripheral,0.3,4,0.278677,Периферия: depth=4 — граница выгрузки; out=0 не трактуется как оседание средств.
2114,peripheral,0.3,15,0.340762,Периферия: depth=4 — граница выгрузки; out=0 не трактуется как оседание средств.
2115,peripheral,0.3,19,0.322135,Периферия: depth=4 — граница выгрузки; out=0 не трактуется как оседание средств.
2116,peripheral,0.3,28,0.342175,Периферия: depth=4 — граница выгрузки; out=0 не трактуется как оседание средств.
2117,peripheral,0.3,28,0.333349,Периферия: depth=4 — граница выгрузки; out=0 не трактуется как оседание средств.
2118,peripheral,0.3,8,0.320433,Периферия: depth=4 — граница выгрузки; out=0 не трактуется как оседание средств.
2119,peripheral,0.3,8,0.27061,Периферия: depth=4 — граница выгрузки; out=0 не трактуется как оседание средств.
2120,peripheral,0.3,10,0.3318,Периферия: depth=4 — граница выгрузки; out=0 не трактуется как оседание средств.
2121,peripheral,0.3,10,0.341577,Периферия: depth=4 — граница выгрузки; out=0 не трактуется как оседание средств.
2122,peripheral,0.3,10,0.304755,Периферия: depth=4 — граница выгрузки; out=0 не трактуется как оседание средств.
2123,peripheral,0.3,10,0.302512,Периферия: depth=4 — граница выгрузки; out=0 не трактуется как оседание средств.
2124,peripheral,0.3,3,0.341623,Периферия: depth=4 — граница выгрузки; out=0 не трактуется как оседание средств.
2125,peripheral,0.3,3,0.303826,Периферия: depth=4 — граница выгрузки; out=0 не трактуется как оседание средств.
2126,peripheral,0.3,16,0.367583,Периферия: depth=4 — граница выгрузки; out=0 не трактуется как оседание средств.
2127,peripheral,0.3,4,0.304011,Периферия: depth=4 — граница выгрузки; out=0 не трактуется как оседание средств.
2128,peripheral,0.3,4,0.342736,Периферия: depth=4 — граница выгрузки; out=0 не трактуется как оседание средств.
2129,peripheral,0.3,4,0.298658,Периферия: depth=4 — граница выгрузки; out=0 не трактуется как оседание средств.
2130,peripheral,0.3,5,0.281406,Периферия: depth=4 — граница выгрузки; out=0 не трактуется как оседание средств.
2131,peripheral,0.3,5,0.30178,Периферия: depth=4 — граница выгрузки; out=0 не трактуется как оседание средств.
2132,peripheral,0.3,6,0.327904,Периферия: depth=4 — граница выгрузки; out=0 не трактуется как оседание средств.
2133,peripheral,0.3,6,0.273941,Периферия: depth=4 — граница выгрузки; out=0 не трактуется как оседание средств.
2134,peripheral,0.3,8,0.360355,Периферия: depth=4 — граница выгрузки; out=0 не трактуется как оседание средств.
2135,peripheral,0.3,7,0.273632,Периферия: depth=4 — граница выгрузки; out=0 не трактуется как оседание средств.
2136,peripheral,0.3,18,0.330382,Периферия: depth=4 — граница выгрузки; out=0 не трактуется как оседание средств.
2137,peripheral,0.3,18,0.301561,Периферия: depth=4 — граница выгрузки; out=0 не трактуется как оседание средств.
2138,peripheral,0.3,18,0.31607,Периферия: depth=4 — граница выгрузки; out=0 не трактуется как оседание средств.
2139,peripheral,0.3,18,0.303154,Периферия: depth=4 — граница выгрузки; out=0 не трактуется как оседание средств.
2140,peripheral,0.3,4,0.342341,Периферия: depth=4 — граница выгрузки; out=0 не трактуется как оседание средств.
2141,peripheral,0.3,4,0.323751,Периферия: depth=4 — граница выгрузки; out=0 не трактуется как оседание средств.
2142,peripheral,0.3,4,0.320766,Периферия: depth=4 — граница выгрузки; out=0 не трактуется как оседание средств.
2143,peripheral,0.3,4,0.304377,Периферия: depth=4 — граница выгрузки; out=0 не трактуется как оседание средств.
2144,peripheral,0.3,25,0.343111,Периферия: depth=4 — граница выгрузки; out=0 не трактуется как оседание средств.
2145,peripheral,0.3,25,0.304634,Периферия: depth=4 — граница выгрузки; out=0 не трактуется как оседание средств.
2146,peripheral,0.3,25,0.343368,Периферия: depth=4 — граница выгрузки; out=0 не трактуется как оседание средств.
2147,peripheral,0.3,25,0.285087,Периферия: depth=4 — граница выгрузки; out=0 не трактуется как оседание средств.
2148,peripheral,0.3,25,0.334227,Периферия: depth=4 — граница выгрузки; out=0 не трактуется как оседание средств.
2149,peripheral,0.3,0,0.265415,Периферия: depth=4 — граница выгрузки; out=0 не трактуется как оседание средств.
2150,peripheral,0.3,25,0.363357,Периферия: depth=4 — граница выгрузки; out=0 не трактуется как оседание средств.
2151,peripheral,0.3,25,0.324102,Периферия: depth=4 — граница выгрузки; out=0 не трактуется как оседание средств.
2152,peripheral,0.3,2,0.364152,Периферия: depth=4 — граница выгрузки; out=0 не трактуется как оседание средств.
2153,peripheral,0.3,2,0.28086,Периферия: depth=4 — граница выгрузки; out=0 не трактуется как оседание средств.
2154,peripheral,0.3,3,0.347402,Периферия: depth=4 — граница выгрузки; out=0 не трактуется как оседание средств.
2155,peripheral,0.3,3,0.266312,Периферия: depth=4 — граница выгрузки; out=0 не трактуется как оседание средств.
2156,peripheral,0.3,14,0.331809,Периферия: depth=4 — граница выгрузки; out=0 не трактуется как оседание средств.
2157,peripheral,0.3,14,0.291744,Периферия: depth=4 — граница выгрузки; out=0 не трактуется как оседание средств.
2158,peripheral,0.3,7,0.350052,Периферия: depth=4 — граница выгрузки; out=0 не трактуется как оседание средств.
2159,peripheral,0.3,4,0.300594,Периферия: depth=4 — граница выгрузки; out=0 не трактуется как оседание средств.
2160,peripheral,0.3,5,0.340113,Периферия: depth=4 — граница выгрузки; out=0 не трактуется как оседание средств.
2161,peripheral,0.3,5,0.302562,Периферия: depth=4 — граница выгрузки; out=0 не трактуется как оседание средств.
2162,peripheral,0.3,6,0.362236,Периферия: depth=4 — граница выгрузки; out=0 не трактуется как оседание средств.
2163,peripheral,0.3,6,0.266472,Периферия: depth=4 — граница выгрузки; out=0 не трактуется как оседание средств.
2164,peripheral,0.3,23,0.343273,Периферия: depth=4 — граница выгрузки; out=0 не трактуется как оседание средств.
2165,peripheral,0.3,19,0.339561,Периферия: depth=4 — граница выгрузки; out=0 не трактуется как оседание средств.
2166,peripheral,0.3,19,0.285338,Периферия: depth=4 — граница выгрузки; out=0 не трактуется как оседание средств.
2167,peripheral,0.3,19,0.281879,Периферия: depth=4 — граница выгрузки; out=0 не трактуется как оседание средств.
2168,peripheral,0.3,19,0.341212,Периферия: depth=4 — граница выгрузки; out=0 не трактуется как оседание средств.
2169,peripheral,0.3,19,0.297518,Периферия: depth=4 — граница выгрузки; out=0 не трактуется как оседание средств.
2170,peripheral,0.3,19,0.283867,Периферия: depth=4 — граница выгрузки; out=0 не трактуется как оседание средств.
2171,peripheral,0.3,19,0.250402,Периферия: depth=4 — граница выгрузки; out=0 не трактуется как оседание средств.
2172,peripheral,0.3,19,0.351889,Периферия: depth=4 — граница выгрузки; out=0 не трактуется как оседание средств.
2173,peripheral,0.3,4,0.295253,Периферия: depth=4 — граница выгрузки; out=0 не трактуется как оседание средств.
2174,peripheral,0.3,4,0.346461,Периферия: depth=4 — граница выгрузки; out=0 не трактуется как оседание средств.
2175,peripheral,0.3,4,0.304743,Периферия: depth=4 — граница выгрузки; out=0 не трактуется как оседание средств.
2176,peripheral,0.3,18,0.338586,Периферия: depth=4 — граница выгрузки; out=0 не трактуется как оседание средств.
2177,peripheral,0.3,30,0.264982,Периферия: depth=4 — граница выгрузки; out=0 не трактуется как оседание средств.
2178,peripheral,0.3,30,0.277244,Периферия: depth=4 — граница выгрузки; out=0 не трактуется как оседание средств.
2179,peripheral,0.3,30,0.264955,Периферия: depth=4 — граница выгрузки; out=0 не трактуется как оседание средств.
2180,peripheral,0.3,31,0.278553,Периферия: depth=4 — граница выгрузки; out=0 не трактуется как оседание средств.
2181,peripheral,0.3,31,0.266629,Периферия: depth=4 — граница выгрузки; out=0 не трактуется как оседание средств.
2182,peripheral,0.3,32,0.278602,Периферия: depth=4 — граница выгрузки; out=0 не трактуется как оседание средств.
2183,peripheral,0.3,32,0.267548,Периферия: depth=4 — граница выгрузки; out=0 не трактуется как оседание средств.
2184,peripheral,0.3,32,0.279634,Периферия: depth=4 — граница выгрузки; out=0 не трактуется как оседание средств.
2185,peripheral,0.3,32,0.268732,Периферия: depth=4 — граница выгрузки; out=0 не трактуется как оседание средств.
2186,peripheral,0.3,33,0.280932,Периферия: depth=4 — граница выгрузки; out=0 не трактуется как оседание средств.
2187,peripheral,0.3,33,0.270029,Периферия: depth=4 — граница выгрузки; out=0 не трактуется как оседание средств.
2188,peripheral,0.3,33,0.282229,Периферия: depth=4 — граница выгрузки; out=0 не трактуется как оседание средств.
2189,peripheral,0.3,33,0.271993,Периферия: depth=4 — граница выгрузки; out=0 не трактуется как оседание средств.
2190,peripheral,0.3,34,0.282934,Периферия: depth=4 — граница выгрузки; out=0 не трактуется как оседание средств.
2191,peripheral,0.3,34,0.275179,Периферия: depth=4 — граница выгрузки; out=0 не трактуется как оседание средств.
2192,peripheral,0.3,34,0.285031,Периферия: depth=4 — граница выгрузки; out=0 не трактуется как оседание средств.
2193,peripheral,0.3,37,0.332397,Периферия: depth=4 — граница выгрузки; out=0 не трактуется как оседание средств.
2194,peripheral,0.3,35,0.285755,Периферия: depth=4 — граница выгрузки; out=0 не трактуется как оседание средств.
2195,peripheral,0.3,35,0.272698,Периферия: depth=4 — граница выгрузки; out=0 не трактуется как оседание средств.
2196,peripheral,0.3,35,0.291573,Периферия: depth=4 — граница выгрузки; out=0 не трактуется как оседание средств.
2197,peripheral,0.3,35,0.277811,Периферия: depth=4 — граница выгрузки; out=0 не трактуется как оседание средств.
2198,peripheral,0.3,36,0.287908,Периферия: depth=4 — граница выгрузки; out=0 не трактуется как оседание средств.
2199,peripheral,0.3,36,0.274701,Периферия: depth=4 — граница выгрузки; out=0 не трактуется как оседание средств.
2200,peripheral,0.3,36,0.293613,Периферия: depth=4 — граница выгрузки; out=0 не трактуется как оседание средств.
2201,peripheral,0.3,36,0.256803,Периферия: depth=4 — граница выгрузки; out=0 не трактуется как оседание средств.
2202,peripheral,0.3,37,0.294318,Периферия: depth=4 — граница выгрузки; out=0 не трактуется как оседание средств.
2203,peripheral,0.3,37,0.276627,Периферия: depth=4 — граница выгрузки; out=0 не трактуется как оседание средств.
2204,peripheral,0.3,37,0.296283,Периферия: depth=4 — граница выгрузки; out=0 не трактуется как оседание средств.
2205,peripheral,0.3,37,0.283037,Периферия: depth=4 — граница выгрузки; out=0 не трактуется как оседание средств.
2206,peripheral,0.3,38,0.289432,Периферия: depth=4 — граница выгрузки; out=0 не трактуется как оседание средств.
2207,peripheral,0.3,38,0.316654,Периферия: depth=4 — граница выгрузки; out=0 не трактуется как оседание средств.
2208,peripheral,0.3,38,0.297655,Периферия: depth=4 — граница выгрузки; out=0 не трактуется как оседание средств.
2209,peripheral,0.3,38,0.278705,Периферия: depth=4 — граница выгрузки; out=0 не трактуется как оседание средств.
2210,peripheral,0.3,39,0.298361,Периферия: depth=4 — граница выгрузки; out=0 не трактуется как оседание средств.
2211,peripheral,0.3,40,0.280632,Периферия: depth=4 — граница выгрузки; out=0 не трактуется как оседание средств.
2212,peripheral,0.3,36,0.291473,Периферия: depth=4 — граница выгрузки; out=0 не трактуется как оседание средств.
2213,peripheral,0.3,41,0.285077,Периферия: depth=4 — граница выгрузки; out=0 не трактуется как оседание средств.
2214,peripheral,0.3,42,0.295956,Периферия: depth=4 — граница выгрузки; out=0 не трактуется как оседание средств.
2215,peripheral,0.3,43,0.281375,Периферия: depth=4 — граница выгрузки; out=0 не трактуется как оседание средств.
2216,peripheral,0.3,44,0.299179,Периферия: depth=4 — граница выгрузки; out=0 не трактуется как оседание средств.
2217,peripheral,0.3,45,0.308881,Периферия: depth=4 — граница выгрузки; out=0 не трактуется как оседание средств.
2218,peripheral,0.3,29,0.326934,Периферия: depth=4 — граница выгрузки; out=0 не трактуется как оседание средств.
2219,peripheral,0.3,46,0.309643,Периферия: depth=4 — граница выгрузки; out=0 не трактуется как оседание средств.
2220,peripheral,0.3,47,0.327602,Периферия: depth=4 — граница выгрузки; out=0 не трактуется как оседание средств.
2221,peripheral,0.3,48,0.310424,Периферия: depth=4 — граница выгрузки; out=0 не трактуется как оседание средств.
2222,peripheral,0.3,49,0.328307,Периферия: depth=4 — граница выгрузки; out=0 не трактуется как оседание средств.
2223,peripheral,0.3,50,0.313685,Периферия: depth=4 — граница выгрузки; out=0 не трактуется как оседание средств.
2224,peripheral,0.3,51,0.330234,Периферия: depth=4 — граница выгрузки; out=0 не трактуется как оседание средств.
2225,peripheral,0.3,32,0.341394,Периферия: depth=4 — граница выгрузки; out=0 не трактуется как оседание средств.
2226,peripheral,0.3,52,0.32905,Периферия: depth=4 — граница выгрузки; out=0 не трактуется как оседание средств.
2227,peripheral,0.3,53,0.315058,Периферия: depth=4 — граница выгрузки; out=0 не трактуется как оседание средств.
2228,peripheral,0.3,54,0.331606,Периферия: depth=4 — граница выгрузки; out=0 не трактуется как оседание средств.
2229,peripheral,0.3,55,0.316393,Периферия: depth=4 — граница выгрузки; out=0 не трактуется как оседание средств.
2230,peripheral,0.3,56,0.332941,Периферия: depth=4 — граница выгрузки; out=0 не трактуется как оседание средств.
2231,peripheral,0.3,57,0.317728,Периферия: depth=4 — граница выгрузки; out=0 не трактуется как оседание средств.
2232,peripheral,0.3,30,0.284884,Периферия: depth=4 — граница выгрузки; out=0 не трактуется как оседание средств.
2233,peripheral,0.3,30,0.259524,Периферия: depth=4 — граница выгрузки; out=0 не трактуется как оседание средств.
2234,peripheral,0.3,30,0.28214,Периферия: depth=4 — граница выгрузки; out=0 не трактуется как оседание средств.
2235,peripheral,0.3,31,0.261626,Периферия: depth=4 — граница выгрузки; out=0 не трактуется как оседание средств.
2236,peripheral,0.3,60,0.258045,Периферия: depth=4 — граница выгрузки; out=0 не трактуется как оседание средств.
2237,peripheral,0.3,61,0.309446,Периферия: depth=4 — граница выгрузки; out=0 не трактуется как оседание средств.
2238,peripheral,0.3,60,0.248007,Периферия: depth=4 — граница выгрузки; out=0 не трактуется как оседание средств.
2239,peripheral,0.3,64,0.259467,Периферия: depth=4 — граница выгрузки; out=0 не трактуется как оседание средств.
2240,peripheral,0.3,65,0.370169,Периферия: depth=4 — граница выгрузки; out=0 не трактуется как оседание средств.
2241,peripheral,0.3,68,0.269635,Периферия: depth=4 — граница выгрузки; out=0 не трактуется как оседание средств.
2242,peripheral,0.3,68,0.286367,Периферия: depth=4 — граница выгрузки; out=0 не трактуется как оседание средств.
2243,peripheral,0.3,70,0.29106,Периферия: depth=4 — граница выгрузки; out=0 не трактуется как оседание средств.
2244,peripheral,0.3,71,0.300679,Периферия: depth=4 — граница выгрузки; out=0 не трактуется как оседание средств.
2245,peripheral,0.3,74,0.270626,Периферия: depth=4 — граница выгрузки; out=0 не трактуется как оседание средств.
2246,peripheral,0.3,76,0.354099,Периферия: depth=4 — граница выгрузки; out=0 не трактуется как оседание средств.
2247,peripheral,0.3,79,0.334804,Периферия: depth=4 — граница выгрузки; out=0 не трактуется как оседание средств.
2248,peripheral,0.3,81,0.349978,Периферия: depth=4 — граница выгрузки; out=0 не трактуется как оседание средств.
